Chondrocyte.articular	B.cell.naive	B.cell.memory	Monocyte.CD14	NK.cell.CD56	Endothelial.large.blood.vessel	Endothelial.microvascular.mammary.or.endometrial	Endothelial.microvascular.non.reproductive	Epithelial.cell.mammary	Epithelial.renal.cortical	Epithelial.respiratory	Fibroblast.cardiac.ventricle	Fibroblast.of.arm	Fibroblast.of.lung	Fibroblast.of.the.aortic.adventitia	Fibroblast.or.papilla.dermal.cell	Hair.follicular.keratinocyte	Macrophage	Mature.neutrophil	Melanocyte.of.skin	Myometrial.cell	Osteoblast	MSC.like.pluripotent.cell	Myocyte.regular.cardiac	Smooth.muscle.cell.aortic	Smooth.muscle.cell.bronchial	Smooth.muscle.cell.of.bladder	Smooth.muscle.cell.coronary.artery	Smooth.muscle.cell.pulmonary.artery	Smooth.muscle.cell.of.trachea	Smooth.muscle.cell.uterine	T.Cell.CD4	T.cell.CD4.memory	T.cell.CD8.memory
LOSQ.GCWK.C2.E5.R0.hair.illumina_TCCAACGCAT.TTGGACTTAC_HC3YYDSXY_L002_001	0.0517	0.039	0.0151	0.0031	0.0164	0.0281	0.0104	0.029	0.1255	0	0	0.0083	0	0.0191	0.0582	0	0.1858	0.0875	0.1139	0.0761	0.0124	0	0	0	0	0	0	0	0.0287	0	0	0.0902	0.0015	0
LOSQ.2ZMD.C1.Ep2.R0.hair.hair_GACGAGATTA.ACATTATCCT_HC3YYDSXY_L002_001	0.0696	0.0219	0.0384	0.0108	0.0206	0.047	0.0118	0.0204	0.0723	0.0289	7e-04	0.014	0	0.0154	0.0518	0	0.1484	0.0927	0.1169	0.0644	0.032	0	0	0	6e-04	0	0	0	0	0	0.0292	0.0899	0.0021	0
LOSQ.2ZMD.C1.Ep4.R1.urine.urine_GACGAGATTA.ACATTATCCT_HC3YYDSXY_L004_001	0.0224	0.0331	0.0443	0.0468	0.024	3e-04	0.0309	0.0347	0.0445	0.1054	0	0.0266	0.0083	0.0441	0.0141	0	0.1005	0.1099	0.1339	0.0429	0.0317	0	0	0	0.005	0	0	0	0	0.0045	0	0.0903	0.0019	0
LOSQ.2ZMD.C1.Ep4.R2.urine.urine_CTGACTCTAC.ACGGCCGTCA_HC3YYDSXY_L004_001	0.016	0.0324	0.0408	0.0521	0.0244	0.0073	0.0186	0.0381	0.0428	0.1143	0	0.0254	0.0136	0.0217	0.0231	0	0.1056	0.1063	0.1285	0.052	0.0226	0	0	0	0.0075	0	0.0042	0	0	0.0088	1e-04	0.0666	0.0271	0
LOSQ.2ZMD.C2.E10.R0.urine.smartseq_CCGGTTCCTA.TATATTCGAG_HC3YYDSXY_L004_001	0.0123	0.0403	0.0166	0.1049	0.0275	0	0.0437	0.0208	0.0565	0.0588	0.0175	0.0467	0.0296	0.0067	0	0.0104	0.0806	0.103	0.16	0.0452	0.0076	0	0	0	0	0	0.0114	0	0	0.0016	0	0.089	0.0091	0
LOSQ.2ZMD.C2.E10.R0.urine.urine_TATTGCGCTC.CTGTGTTAGG_HC3YYDSXY_L004_001	0.035	0.0266	0.0551	0.0509	0.022	0	0.0314	0.0463	0.0374	0.0772	0	0.023	0.0145	0.0137	0.0183	0.0022	0.0924	0.1128	0.176	0.0402	0.0225	0	0	0	0.0061	0	0	0	0	0.0088	0	0.0876	0	0
LOSQ.2ZMD.C2.E4.R0.hair.hair_GATAGGCCGA.CGCACATGGC_HC3YYDSXY_L002_001	0.0528	0.028	0.0347	0.0061	0.019	0.0339	0.0104	0.0272	0.0768	0.0364	0.0114	0.0186	0	0.0125	0.042	0	0.1431	0.0979	0.1205	0.0663	0.0363	0	0	0.0137	0.003	0	0	0	0	0	0.0176	0.0917	0	0
LOSQ.2ZMD.C3.E11.R0.urine.urine_TGGCTAATCA.AGGCATGTAG_HC3YYDSXY_L004_001	0.03	0.0223	0.057	0.0574	0.0416	0	0.026	0.045	0.0201	0.081	0	0.0372	0.0196	0.0042	0.0229	0	0.0833	0.1057	0.1992	0.0369	0.0266	0	0	0	0.0084	0	0	0	0	0	0	0.0757	0	0
LOSQ.2ZMD.C3.E1.R0.buccal.smartseq_CAGCAATCGT.TGTGATGTAT_HC3YYDSXY_L001_001	0.0308	0.0309	0.0518	0.0838	0.022	0.0346	0.0018	0.0407	0.033	0.0465	0.0151	0.0112	0.0316	0	0.033	0.008	0.0929	0.1182	0.1599	0.0333	0.0145	0	0	0	0.0056	0	0	0	0	0	0	0.1007	0	0
LOSQ.2ZMD.C3.E6.R0.hair.hair_TGGCTAATCA.AGGCATGTAG_HC3YYDSXY_L002_001	0.0483	0.0292	0.0322	0.0081	0.0167	0.0308	0.0105	0.0332	0.0665	0.0359	0.006	0.0184	0.0079	0.0121	0.0428	0	0.157	0.103	0.1119	0.0706	0.029	0	0	0.0195	0.0017	0	0	0	0	0	0.0199	0.0886	0	0
LOSQ.2ZMD.C3.E6.R0.hair.smartseq_AGGACAGGCC.CATTCCAGCT_HC3YYDSXY_L002_001	0.0574	0.0295	0.0329	0.0111	0.0238	0.0202	0.0208	0.0322	0.0788	0.0177	0.0119	0.021	0.0113	0.0114	0.0379	0	0.16	0.0987	0.1126	0.0654	0.0369	0	0	0.0114	0.0026	0	0	0	0	0.0063	0.0044	0.0836	0	0
LOSQ.2ZMD.C4.E12.R0.urine.urine_CCATCTCGCC.TTCTATGGTT_HC3YYDSXY_L004_001	0.0223	0.0354	0.0342	0.0346	0.0224	0	0.0306	0.0428	0.0424	0.0866	0.0692	0.0217	0.0156	0	0.0122	0	0.0955	0.0976	0.1338	0.0381	0.0085	0	0	0	0.0179	0	0.0154	0	0	0.0348	0	0.0883	0	0
LOSQ.2ZMD.C4.E5.R1.hair.hair_GTCTAATGGC.AGTGGTCAGG_HC3YYDSXY_L002_001	0.0567	0.0312	0.0272	0	0.0169	0.0288	0.0145	0.0304	0.0791	0.0276	0	0.0131	0.0115	0.0072	0.0475	0	0.1751	0.1073	0.1079	0.07	0.0302	0	0	0.0114	0	0	0	0	0	0	0.0185	0.0857	0.0022	0
LOSQ.2ZMD.C4.E5.R2.hair.hair_TGGTACCTAA.CATGAGTACT_HC3YYDSXY_L002_001	0.0561	0.026	0.0351	0	0.0184	0.03	0.0071	0.027	0.0844	0.0214	0	0.01	0.0127	0.012	0.0462	0	0.1803	0.0971	0.1123	0.0637	0.0463	0	0	0.013	0.0076	0	0	0	0	0	0.0092	0.0758	0.0082	0
LOSQ.4QWR.C1.Ep2.R0.hair.hair_GAGAATGGTT.TCGGCAGCAA_HC3YYDSXY_L002_001	0.063	0.0248	0.0367	0.001	0.0191	0.0256	0	0.0429	0.1089	0.0252	0.004	0.0142	0.0146	0.0123	0.0523	0	0.147	0.0989	0.1122	0.051	0.0261	0	0	0.0206	0.0022	0	0.0045	0	0	0	0.0018	0.0912	0	0
LOSQ.4QWR.C1.Ep4.R1.urine.urine_GAGAATGGTT.TCGGCAGCAA_HC3YYDSXY_L004_001	0.0303	0.0182	0.0503	0.0701	0.0181	0.0121	0.021	0.04	0.0259	0.0793	0	0.0066	0.0139	0.0116	0.0249	0	0.064	0.0934	0.2872	0.036	0.0139	0	0	9e-04	0	0	4e-04	0	0	0.0028	0.0063	0.0558	0.0169	0
LOSQ.4QWR.C1.Ep4.R2.urine.urine_TCTGGTATCC.CGTTGCTTAC_HC3YYDSXY_L004_001	0.0255	0.0182	0.0484	0.0727	0.018	0.0138	0.0162	0.033	0.0222	0.0794	0.003	0.0118	0.0072	0.0112	0.0213	0	0.0557	0.0862	0.2925	0.0379	0.0138	0	0	0.012	0	0	0.0052	0	0	0.0082	0.0053	0.0607	0.0207	0
LOSQ.4QWR.C2.E11.R0.urine.smartseq_GGCCAATATT.CGGTCCGATA_HC3YYDSXY_L004_001	0.02	0	0.0666	0.1133	0.0189	0	0.0279	0.024	0.0025	0.0508	0	0.0179	0.0196	0	0.0078	0	0.0605	0.0699	0.3512	0.0253	0.0158	0	0	0.0042	0	0	0	0	0	0.0041	0	0.0784	0.0214	0
LOSQ.4QWR.C2.E11.R0.urine.urine_GTCTAATGGC.AGTGGTCAGG_HC3YYDSXY_L004_001	0.0211	0	0.0773	0.1184	0.0171	0.0013	0.0293	0.0297	0.005	0.0364	0	0.0135	0.0246	0.0129	0.0054	0	0.0718	0.0683	0.3326	0.0265	0.0043	0	0	0.006	0	0	0	0	0	0	0	0.0646	0.0336	0
LOSQ.4QWR.C2.E2.R1.buccal.buccal_ACTCGGCAAT.GACAACTGAA_HC3YYDSXY_L001_001	0.0412	0.0262	0.0451	0.0856	0.0159	0.0154	0	0.058	0	0.0381	0	0.018	0.0079	0	0.0224	0	0.0665	0.0956	0.3291	0.0163	0.0181	0.0037	0	0.0029	0	0	0.0171	0	0	0	0	0.077	0	0
LOSQ.4QWR.C2.E2.R2.buccal.buccal_TATGCCTTAC.AGACACATTA_HC3YYDSXY_L001_001	0.028	0.0302	0.0468	0.1091	0.0129	0.0079	0.014	0.0358	0	0.0354	0.0127	0.0104	0.0122	0.004	0.0351	0	0.0763	0.1029	0.3151	0.0314	9e-04	0.0156	0	0	0	0	0	0	0	0	0	0.0631	0	0
LOSQ.4QWR.C2.E6.R0.hair.hair_TGATTATACG.GTCGATTACA_HC3YYDSXY_L002_001	0.0633	0.0267	0.0321	2e-04	0.0208	0.0332	0.0079	0.0293	0.0859	0.0277	0.0096	0.0132	0.0113	0.0084	0.0453	0	0.1646	0.0984	0.1077	0.0641	0.0403	0	0	0.0041	0.0037	0	0.002	0	0	0	0.0107	0.0893	0	0
LOSQ.4QWR.C3.E10.R0.urine.urine_ATGGTTGACT.GGCCTGTCCT_HC3YYDSXY_L004_001	0.0212	0.0516	0.0217	0.0542	0.0241	0.0016	0.0227	0.0608	0.0366	0.0812	0.016	0.0163	0.0162	0	0.0378	0.0095	0.1035	0.1126	0.1583	0.0407	0.0107	0	0	0	0	0	0	0	0	0.007	0	0.089	0.0068	0
LOSQ.4QWR.C3.E5.R0.hair.hair_ACTCGGCAAT.GACAACTGAA_HC3YYDSXY_L002_001	0.0552	0.0283	0.0317	0.0142	0.0229	0.0286	0.0024	0.0378	0.072	0.026	0	0.025	0.0074	0.0223	0.0415	0	0.1488	0.1054	0.1209	0.0645	0.015	0	0	0.0169	0	0	0.011	0	0	0	0.0128	0.0898	0	0
LOSQ.4QWR.C4.E12.R0.urine.urine_TTACCTGGAA.ACAGTTCCAG_HC3YYDSXY_L004_001	0.0256	0.0326	0.0319	0.0432	0.03	0.0165	0.0178	0.039	0.0374	0.0805	0.0296	0.0102	0.0211	0	0.0332	0	0.0917	0.1213	0.1331	0.0476	0.0079	0	0	0	0.0152	0	0.0062	0	0	0.0085	9e-04	0.0825	0.0365	0
LOSQ.4QWR.C4.E4.R1.hair.hair_TTACCTGGAA.ACAGTTCCAG_HC3YYDSXY_L002_001	0.0592	0.0302	0.0362	0.0102	0.0227	0.0431	0	0.0281	0.0793	0.0178	0.0126	0.0259	0	0.022	0.0428	0	0.1444	0.0929	0.1173	0.0648	0.0161	0	0	0.0098	0.0061	0	0.0056	0	0	0	0.0274	0.0853	0	0
LOSQ.4QWR.C4.E4.R2.hair.hair_ACTTCAAGCG.GAACCATGAA_HC3YYDSXY_L002_001	0.0583	0.0241	0.0357	0.0133	0.0186	0.0355	0	0.0282	0.0726	0.0338	0.0182	0.0252	9e-04	0.0174	0.0489	0	0.1423	0.0963	0.1162	0.0659	0.0247	0	0	0.0056	0.0048	0	0.0038	0	0	0	0.0184	0.0913	0	0
LOSQ.50MF.C1.Ep2.R0.hair.hair_CTTGCCATTA.ATCACGAAGG_HC3YYDSXY_L002_001	0.062	0.0184	0.0386	0.0021	0.0179	0.0292	0.01	0.0379	0.0748	0.0239	0	0.0117	0.0116	0.0056	0.0405	0	0.1746	0.0954	0.1072	0.074	0.0545	0	0	0	5e-04	0	0	0	0	0	0.0243	0.0794	0.006	0
LOSQ.50MF.C2.E10.R1.urine.urine_CCTGCGGAAC.ATCATAGGCT_HC3YYDSXY_L004_001	0.029	0.0358	0.034	0.0386	0.0296	0.0026	0.0353	0.0558	0.0488	0.062	0.029	0.018	0.0153	0.0174	0.0414	0.0032	0.079	0.1052	0.1687	0.0526	0.0043	0	0	0	0.0053	0	0	0	0	0.0096	0	0.0756	0.0037	0
LOSQ.50MF.C2.E10.R2.urine.urine_GGAGCGTGTA.ATCCGTAAGT_HC3YYDSXY_L004_001	0.0225	0.0384	0.0277	0.0121	0.0288	0.0151	0.0131	0.0554	0.046	0.0663	0.0193	0.015	0.0151	0.0025	0.0457	1e-04	0.094	0.1182	0.1861	0.0517	2e-04	0	0	0	0.014	0	0.0024	0	0	0.0189	0	0.0743	0.0169	0
LOSQ.50MF.C2.E2.R0.buccal.buccal_CCTGCGGAAC.ATCATAGGCT_HC3YYDSXY_L001_001	0.0344	0.0494	0.0338	0.0452	0.024	0.0261	0	0.0485	0.0082	0.0538	0.0844	0.0127	0.0334	0	0.0574	0	0.0799	0.0983	0.181	0.0326	0	0	0	0	0	0	0	0	0	0	0	0.0967	0	0
LOSQ.50MF.C2.E2.R0.buccal.smartseq_GGTCTATTAA.CCACGACACG_HC3YYDSXY_L001_001	0.0314	0.0504	0.035	0.0603	0.0267	0.0175	0.0183	0.0475	0	0.0518	0.0596	0.0218	0.0278	0.01	0.0279	0.0016	0.0768	0.0998	0.1761	0.0308	0.0175	0.0135	0	0	0.0092	0	0	0	0	0	0	0.0886	0	0
LOSQ.50MF.C2.E5.R1.hair.hair_ACCACGACAT.TCGTATGCGG_HC3YYDSXY_L002_001	0.0588	0.024	0.0403	0	0.0202	0.0193	0.021	0.0355	0.0649	0.027	0	0.0049	0.0091	0	0.0378	0	0.188	0.0911	0.101	0.0716	0.0611	0	0	0.0015	0.004	0	0	0	0	0	0.0325	0.0865	0	0
LOSQ.50MF.C2.E5.R2.hair.hair_GGCAAGCCAG.CAAGCATCCG_HC3YYDSXY_L002_001	0.0635	0.0229	0.0321	0	0.0171	0.0225	0.023	0.0356	0.063	0.0269	0	0.005	0.0129	0	0.031	0	0.189	0.0931	0.1103	0.0758	0.0474	0	0	0	0.0073	0	0	0	0	0	0.0404	0.0813	0	0
LOSQ.50MF.C3.E11.R0.urine.urine_GGTAACTCGC.AAGTTGGTGA_HC3YYDSXY_L004_001	0.0382	0.0547	0.0217	0.0438	0.0283	0.011	0.0237	0.0578	0.0474	0.0573	0	0.0188	0.0062	0	0.0475	0.0229	0.0854	0.1064	0.1801	0.0522	0	0	0	0	0.0055	0	0	0	0	0	0	0.0913	0	0
LOSQ.50MF.C3.E3.R0.buccal.buccal_GCATAAGCTT.TTCCGTCGCA_HC3YYDSXY_L001_001	0.0308	0.0361	0.042	0.0527	0.0281	0.0309	0.0132	0.0443	0.0209	0.0733	0.0549	0.0099	0.0357	0	0.0326	0.0074	0.0823	0.1271	0.1611	0.0386	0	0	0	0	0.0032	1e-04	0	0	0	0	0	0.0749	0	0
LOSQ.50MF.C3.E6.R0.hair.hair_GCATAAGCTT.TTCCGTCGCA_HC3YYDSXY_L002_001	0.0586	0.0305	0.0285	0	0.0209	0.03	0.0176	0.0357	0.0751	0.0176	0	0.0144	0.0154	0.0064	0.0352	0	0.1803	0.0869	0.1109	0.0764	0.0355	0	0	0.0046	8e-04	0	0	0	0	0	0.0332	0.082	0.0035	0
LOSQ.50MF.C3.E6.R0.hair.smartseq_CCGTGACCGA.CCGAACGTTG_HC3YYDSXY_L002_001	0.0584	0.0171	0.0429	3e-04	0.0249	0.022	0.0189	0.0341	0.0863	0.0063	0	0.0203	0.0147	0.0015	0.0314	0	0.1847	0.0811	0.1107	0.0735	0.0542	0	0	0	5e-04	0	0	0	0	0.0033	0.0277	0.0698	0.0155	0
LOSQ.50MF.C4.E12.R0.urine.smartseq_CTTATTGGCC.GATAACAAGT_HC3YYDSXY_L004_001	0.0106	0.0325	0.0261	0.0344	0.0316	0	0.0535	0.0423	0.0492	0.0771	0.0244	0.0237	0.0174	0.0049	0.0211	0	0.0976	0.098	0.172	0.0517	0.0018	0	0	0	0.0087	0	0	0	0	0.0268	0	0.0475	0.0472	0
LOSQ.50MF.C4.E12.R0.urine.urine_GCATAAGCTT.TTCCGTCGCA_HC3YYDSXY_L004_001	0.0274	0.0333	0.0345	0.0344	0.0276	0.0177	0.0358	0.0373	0.0352	0.0679	0.0242	0.021	0.0131	0	0.0221	0	0.0952	0.1177	0.1724	0.0612	0.0044	0	0	0	0.0111	0	0.0056	0	0	0.0218	0	0.0654	0.0137	0
LOSQ.50MF.C4.E4.R0.hair.hair_CCTGCGGAAC.ATCATAGGCT_HC3YYDSXY_L002_001	0.0615	0.0214	0.0383	0.0024	0.0219	0.0337	0.0147	0.0298	0.0788	0.023	0	0.0088	0.0034	0.0033	0.0461	0	0.1622	0.093	0.1143	0.0673	0.0469	0	0	0.0055	0.0028	0	0	0	0	0	0.0317	0.0893	0	0
LOSQ.5GRN.C1.Ep2.R0.hair.hair_CTAGTGCTCT.TGGAACAGTA_HC3YYDSXY_L002_001	0.0528	0.0306	0.0274	0	0.0154	0.0332	0.0221	0.0338	0.0422	0.0295	0.001	0	0.0181	0.0031	0.0479	0	0.1968	0.0973	0.094	0.0621	0.0351	0	0	0.0022	0.0117	0	0	0	0	0	0.0533	0.0904	0	0
LOSQ.5GRN.C1.Ep4.R0.urine.urine_CTAGTGCTCT.TGGAACAGTA_HC3YYDSXY_L004_001	0.0325	0.0136	0.0832	0.1732	0.0188	3e-04	0.035	0.0293	0.0077	0.0464	0	0.0102	0.0146	0.0023	0.0169	0	0.0352	0.0735	0.2822	0.0226	0.0114	0	0	0.0061	0	0	0.0138	0	0	0	0	0.0713	0	0
LOSQ.5GRN.C2.E11.R0.urine.urine_CTGTTGGTCC.ATAGACCGTT_HC3YYDSXY_L004_001	0.0268	0.0091	0.065	0.1941	0.0169	0.0086	0.0431	0.017	0.008	0.0388	0	0.0207	0.0194	0	0.0157	0	0.0272	0.0936	0.2654	0.0176	0.0202	0	0	0.0026	0	0	0	0	0.0021	0.0048	0	0.0767	0.0066	0
LOSQ.5GRN.C2.E4.R0.hair.hair_CTGTTGGTCC.ATAGACCGTT_HC3YYDSXY_L002_001	0.0582	0.0307	0.0205	0	0.0147	0.027	0.0125	0.0373	0.0858	0.0288	0	0.0057	0.0138	0.0088	0.0457	0	0.1761	0.0898	0.111	0.0698	0.0475	0	0	0.0028	0.0027	0	0	0	0	0	0.0241	0.0774	0.0093	0
LOSQ.5GRN.C3.E12.R1.urine.urine_ACTCGGCAAT.GACAACTGAA_HC3YYDSXY_L004_001	0.028	0.0326	0.0316	0.0999	0.0318	0	0.036	0.0404	0.0231	0.0181	0.0315	0.0254	0.0111	0.0062	0.012	0	0.0448	0.0962	0.2857	0.0344	0.0346	0	0	0	0	0	0	0	0	8e-04	0.0048	0.0633	0.0075	0
LOSQ.5GRN.C3.E12.R2.urine.urine_TTGGAATTCC.ACGTCAATAC_HC3YYDSXY_L004_001	0.0276	0.0335	0.0357	0.1195	0.0355	0	0.0442	0.03	0.0198	0.0382	0.0213	0.0231	0.0127	0	0.0173	0	0.0588	0.0928	0.258	0.0402	0.0113	0	0	0	0	0	0	0	0	0.0116	0	0.063	0.0059	0
LOSQ.5GRN.C3.E5.R1.hair.hair_TATGTAGTCA.CGCACTAATG_HC3YYDSXY_L002_001	0.0493	0.0331	0.0317	0.0108	0.0188	0.0217	0.0046	0.0437	0.0898	0.0322	0	0.0211	0.0139	0.0254	0.0485	0	0.1663	0.0959	0.0976	0.0572	0.0035	0	0	0.0072	0.0177	0	0.0104	0	0	0	0.0052	0.0903	0.004	0
LOSQ.5GRN.C3.E5.R2.hair.hair_ACCGTTACAA.CTCATAGCGA_HC3YYDSXY_L002_001	0.0528	0.036	0.0291	0.0082	0.0135	0.0178	0.0046	0.0448	0.0927	0.0254	0.0018	0.0187	0.0183	0.0339	0.0499	0	0.1612	0.0898	0.1004	0.0508	0.0156	0	0	0.0011	0.0143	0	0.0098	0	0	0	0.0028	0.0994	0.0074	0
LOSQ.5GRN.C4.E10.R0.urine.urine_GATAGGCCGA.CGCACATGGC_HC3YYDSXY_L004_001	0.0268	0.0426	0.0388	0.1066	0.0298	0.0038	0.0389	0.0307	0.0274	0.0657	0	0.0235	0.0042	0.0044	0.0059	0	0.0675	0.1202	0.2092	0.0332	0.0043	0	1e-04	0.0027	0	0	0	0	0	0.0319	0.0088	0.065	0.008	0
LOSQ.5GRN.C4.E6.R0.hair.hair_ACAGTGTATG.GAACATACGG_HC3YYDSXY_L002_001	0.0613	0.0208	0.042	0.0057	0.0311	0.0326	0.0281	0.023	0.0877	0.0233	0	0.0095	0.0084	0	0.0291	0	0.15	0.0927	0.0995	0.0618	0.04	0	0	0.0083	0	0	0	0	0	0	0.0285	0.086	0.0304	0
LOSQ.5Z4D.C1.Ep2.R0.hair.hair_CCGTATGTTC.CATACACTGT_HC3YYDSXY_L002_001	0.0542	0.0315	0.0346	0.0037	0.0185	0.0237	0	0.043	0.0779	0.0224	0	0.0252	0.011	0.0188	0.0566	0	0.1487	0.0911	0.1283	0.0551	0	0	0	0.0079	0	0	0.0251	0	0	0	0.0118	0.1108	0	0
LOSQ.5Z4D.C1.Ep4.R0.urine.urine_CCGTATGTTC.CATACACTGT_HC3YYDSXY_L004_001	0.0364	0.0495	0.0194	0.0247	0.0275	0.0051	0.0302	0.0553	0.0584	0.0797	0	0.018	0	0.0108	0.0412	0	0.0964	0.11	0.1699	0.0423	0.0037	0.0059	0	0	0.0114	0	0	0	0	0.0118	0	0.0926	0	0
LOSQ.5Z4D.C2.E11.R1.urine.urine_CGTTATTCTA.CCATAAGGTT_HC3YYDSXY_L004_001	0.0218	0.0398	0.0277	0.0236	0.0492	0	0.0204	0.0522	0.0259	0.154	0	0.0144	0.014	0.0204	0.0276	5e-04	0.0762	0.1054	0.152	0.0451	0.0129	0	0	0	0.0083	0	0	0	0	0.0028	0.0069	0.0989	0	0
LOSQ.5Z4D.C2.E11.R2.urine.urine_TGGTACCTAA.CATGAGTACT_HC3YYDSXY_L004_001	0.0378	0.0304	0.0347	0.033	0.0401	0.0029	0.0106	0.0529	0.0472	0.1427	0	0.0247	0.0047	0.0271	0.0165	0	0.0545	0.0976	0.1607	0.0523	0.0219	0	0	0.0027	0.0057	0	0	0	0	0.0016	0	0.0919	0.0056	0
LOSQ.5Z4D.C2.E5.R0.hair.hair_TTCTACATAC.CTAACTGTAA_HC3YYDSXY_L002_001	0.0636	0.0192	0.0396	0	0.0242	0.0476	0.0267	0.0079	0.0709	0.029	0	0.0136	0	0.0116	0.0281	0	0.1612	0.0948	0.1214	0.0669	0.0371	0	0	0	0	0	0	0	0	0	0.0391	0.0882	0.0093	0
LOSQ.5Z4D.C2.E5.R0.hair.smartseq_TGATGGCTAC.CCAACAACAT_HC3YYDSXY_L002_001	0.0663	0.0191	0.0284	0.0167	0.024	0.0322	0.0236	0.0167	0.0658	0.0159	0.0268	0.019	0	0	0.0213	0	0.1617	0.084	0.1303	0.072	0.0547	0	0	0	0	0	0	0	0	8e-04	0.0279	0.081	0.0119	0
LOSQ.5Z4D.C3.E10.R0.urine.smartseq_ACAACTACTG.AGTTATCACA_HC3YYDSXY_L004_001	0.032	0.0421	0.0366	0.0398	0.024	0.0103	0.0206	0.0398	0.0603	0.0893	0	0.0224	0.0108	0.0017	0.0352	0	0.1065	0.0881	0.1591	0.0378	0.0274	0	0	0	0.0229	0	0	0	0	0	0	0.0629	0.0304	0
LOSQ.5Z4D.C3.E10.R0.urine.urine_ATTGCGCGGT.TTGGCTCCGC_HC3YYDSXY_L004_001	0.0235	0.0332	0.0367	0.0397	0.0272	0	0.0177	0.0586	0.0608	0.103	0	0.008	0.017	0.0058	0.0354	0	0.095	0.1082	0.1386	0.0477	0.0136	0	0	0	0.0158	0	0.0047	0	0	0.0072	0.0102	0.0782	0.0143	0
LOSQ.5Z4D.C3.E3.R0.buccal.buccal_CTGCGAGCCA.AATCCGGCCA_HC3YYDSXY_L001_001	0.0287	0.0223	0.0693	0.0554	0.0161	0.0162	0.0216	0.038	0.0463	0.0574	0.0577	0.0118	0.0158	0.0072	0.0408	0.0057	0.065	0.0983	0.1899	0.0554	0.003	0	0	0	3e-04	0	0	0	0	0	0.0056	0.0723	0	0
LOSQ.5Z4D.C3.E3.R0.buccal.smartseq_TCTCACACGC.CGGACAGTGA_HC3YYDSXY_L001_001	0.0289	0.0308	0.0628	0.0599	0.0245	0.0183	0.0267	0.0322	0.0358	0.0413	0.0937	0.0209	0.024	0.0028	0.0237	0.0059	0.0678	0.0914	0.1808	0.0448	0.01	0	0	0	0.004	0	0	0	0	0	0	0.0691	0	0
LOSQ.5Z4D.C3.E6.R0.hair.hair_ATTGCGCGGT.TTGGCTCCGC_HC3YYDSXY_L002_001	0.0613	0.0268	0.0328	0.0072	0.0226	0.0478	0.0235	0.006	0.0655	0.0219	0.0131	0.0134	0	0.0085	0.024	0	0.1504	0.0867	0.1304	0.0768	0.0504	0	0	6e-04	0.0055	0	0	0	0	0	0.0367	0.0851	0.0028	0
LOSQ.5Z4D.C4.E12.R0.urine.urine_ACCGGCCGTA.TGGCAATATT_HC3YYDSXY_L004_001	0.0283	0.0357	0.0388	0.0425	0.0337	0.0097	0.024	0.0451	0.0388	0.1174	0	0.0146	0.0082	0.0056	0.0333	0	0.0843	0.1033	0.1225	0.0483	0.03	0	0	0	0.0043	0	0	0	0	0.0067	0.0204	0.0899	0.0144	0
LOSQ.5Z4D.C4.E1.R1.buccal.buccal_ATTGCGCGGT.TTGGCTCCGC_HC3YYDSXY_L001_001	0.0407	0.0276	0.0469	0.0343	0.025	0.0232	0.0437	0.0413	0.0284	0.0293	0.0415	0.0024	0.0165	0	0.043	0	0.1366	0.1055	0.1154	0.0438	0.0335	0	0	0	0.0075	0	0	0	0	0.0068	0.0071	0.0837	0.0163	0
LOSQ.5Z4D.C4.E1.R2.buccal.buccal_GTCCGTAAGC.CGTGTATCTT_HC3YYDSXY_L001_001	0.0316	0.0198	0.0514	0.0427	0.0283	0.0283	0.0393	0.0414	0.0294	0.0364	0.0323	0	0.0195	0	0.0459	0	0.1332	0.0993	0.1134	0.0422	0.0331	0	0	0	0.0105	0	0	0	0	0.013	0.007	0.098	0.0042	0
LOSQ.5Z4D.C4.E4.R1.hair.hair_CTGCGAGCCA.AATCCGGCCA_HC3YYDSXY_L002_001	0.0575	0.021	0.0369	0.0074	0.0242	0.0448	0.0091	0.0205	0.0706	0.0266	0	0.0192	0	0.013	0.0333	0	0.158	0.0953	0.1172	0.07	0.048	0	0	0	0.0019	0	0	0	0	0	0.0333	0.0876	0.0047	0
LOSQ.5Z4D.C4.E4.R2.hair.hair_TTGGAATTCC.ACGTCAATAC_HC3YYDSXY_L002_001	0.0624	0.0197	0.038	0.0087	0.019	0.0464	0.0094	0.0141	0.066	0.0245	0.0157	0.0191	0	0.0127	0.0325	0	0.1473	0.0952	0.1231	0.0677	0.0496	0	0	0.0027	0.0018	0	0	0	0	0	0.0262	0.0982	0	0
LOSQ.7Y3U.C1.Ep2.R0.hair.hair_ATTCCATAAG.TGCCTGGTGG_HC3YYDSXY_L002_001	0.0518	0.0259	0.0339	0	0.016	0.0335	0.0099	0.0309	0.0695	0.0394	0.0367	0.011	0.0041	0.0065	0.0395	0	0.1539	0.0963	0.1152	0.065	0.0407	0	0	0.0103	0.0075	0	0	0	0	0	0.0138	0.0889	0	0
LOSQ.7Y3U.C2.E10.R0.urine.urine_GACACCATGT.TCAACGTGTA_HC3YYDSXY_L004_001	0.0113	0.0398	0.027	0.0444	0.031	0	0.0215	0.0611	0.0715	0.0716	0.0281	0.0222	0.0141	0.0142	0.0277	0	0.0812	0.1151	0.1679	0.0421	0.0204	0	0	0	7e-04	0	0	0	0	0.009	0	0.0737	0.0043	0
LOSQ.7Y3U.C2.E6.R0.hair.hair_TGTAATCGAC.GATCACCGCG_HC3YYDSXY_L002_001	0.0483	0.0281	0.0308	0	0.0222	0.0466	0.009	0.0157	0.0765	0.0276	0.0289	0.0092	0.0037	0.01	0.04	0	0.1503	0.102	0.1132	0.0699	0.0477	0	0	0.0107	0.0103	0	0	0	0	0	0.0111	0.088	0	0
LOSQ.7Y3U.C3.E11.R0.urine.urine_CAGCCGCGTA.ACTAGCCGTG_HC3YYDSXY_L004_001	0.0333	0.0371	0.0281	0.0556	0.0314	0	0.003	0.0543	0.0167	0.0948	0	0.0355	0.0294	0.0135	0.0245	0	0.0957	0.1364	0.1189	0.0588	0.0136	0	0	0	0	0	0.0148	0	0	0	2e-04	0.1044	0	0
LOSQ.7Y3U.C3.E4.R0.hair.hair_GACACCATGT.TCAACGTGTA_HC3YYDSXY_L002_001	0.0563	0.0256	0.0316	0.0082	0.02	0.031	0.0031	0.0361	0.0899	0.0322	0.03	0.0195	0.0066	0.0232	0.0461	0	0.1367	0.105	0.1137	0.0575	0.0124	0	0	0.01	0.0041	0	0	0	1e-04	0	0.0088	0.0923	0	0
LOSQ.7Y3U.C3.E8.R0.saliva.saliva_TGGAGTACTT.TCTGTGTGGA_HC3YYDSXY_L003_001	0.0357	0.0261	0.0516	0.1477	0.0241	0.0193	0.0133	0.0379	0	0.0229	0	0.0117	0	0.004	0.0163	0.0138	0.0194	0.0542	0.3519	0.039	0.0137	0	0	0	0	0	0.0049	0	0.0037	0.0014	0	0.0874	0	0
LOSQ.7Y3U.C4.E12.R0.urine.urine_TGGAGTACTT.TCTGTGTGGA_HC3YYDSXY_L004_001	0.0305	0.0262	0.0736	0.0256	0.0445	0	0.0144	0.0607	0.0525	0.0684	0	0.0124	0.0234	0.0102	0.0376	0	0.0506	0.1017	0.2588	0.0168	0.0021	0.0049	0	0	0	0	0	0	0	0	0.0163	0.0647	0.004	0
LOSQ.7Y3U.C4.E3.R0.buccal.buccal_TGGAGTACTT.TCTGTGTGGA_HC3YYDSXY_L001_001	0.0356	0.0432	0.0266	0.0578	0.0355	0.0382	0.0165	0.0378	0.0367	0.0773	0.0428	0.0106	0.0098	0	0.0306	0.0022	0.072	0.1271	0.147	0.038	0.0163	0	0	0	0.0108	0	0	0	0	0	0	0.0878	0	0
LOSQ.7Y3U.C4.E3.R0.buccal.smartseq_TTCTGTAGAA.GAGCGCAATA_HC3YYDSXY_L001_001	0.0192	0.0301	0.0438	0.0594	0.0281	0.0255	0.0127	0.0537	0.0319	0.0567	0.0355	0.0188	0.0335	0	0.0256	0	0.0935	0.1172	0.1606	0.034	0	0	0	0	0.0132	0	0	0	0	0	0	0.107	0	0
LOSQ.7Y3U.C4.E5.R0.hair.hair_TGGAGTACTT.TCTGTGTGGA_HC3YYDSXY_L002_001	0.058	0.0273	0.0345	0.0064	0.022	0.0176	0.0017	0.0444	0.098	0.0304	0	0.0214	0.0173	0.0247	0.0458	0	0.1544	0.0926	0.1114	0.067	0	0	0	0.0032	0.0117	0	0.0041	0	0.0058	0	0.0055	0.0949	0	0
LOSQ.9ZJK.C1.Ep1.R0.buccal.buccal_GATCAAGGCA.CCTTGTTAAT_HC3YYDSXY_L001_001	0.0222	0.031	0.0453	0.0588	0.0258	0.0176	0.0235	0.0398	0.0044	0.0497	0.0832	0.0257	0.0288	0	0.0326	0	0.074	0.1258	0.1653	0.025	0	0	0	0.016	0.0106	0	0.004	0	0	0	0	0.091	0	0
LOSQ.9ZJK.C1.Ep2.R0.hair.hair_GATCAAGGCA.CCTTGTTAAT_HC3YYDSXY_L002_001	0.0588	0.0404	0.0207	0.01	0.0216	0.0414	0	0.0203	0.0832	0.0316	0.0221	0.0216	0.0059	0.0244	0.045	0	0.1306	0.1169	0.1215	0.0522	0.0222	0	0	0.0191	0	0	0	0	0	0	0.0016	0.0893	0	0
LOSQ.9ZJK.C1.Ep4.R0.urine.smartseq_TGGTGTTATG.TCCAATTCTA_HC3YYDSXY_L004_001	0.0131	0.0289	0.0577	0.0321	0.0353	0.0064	0.0281	0.0338	0.0682	0.0487	0.0156	0.0348	0.0262	0	0.0424	0	0.1402	0.0919	0.1625	0.0383	0.0017	0	0	0	0	0	0.0118	0	0	0.0022	0	0.0803	0	0
LOSQ.9ZJK.C1.Ep4.R0.urine.urine_GATCAAGGCA.CCTTGTTAAT_HC3YYDSXY_L004_001	0.0206	0.0669	0.0178	0.0322	0.0322	0.0158	0.0295	0.0353	0.0238	0.0828	0.0228	0.0222	0.0216	0.0081	0.0229	0	0.0819	0.1099	0.1603	0.0424	0.0091	0	0	5e-04	0	0	0.013	0	0	0.0127	0.0274	0.088	0	0
LOSQ.9ZJK.C2.E11.R0.urine.smartseq_TACGTGAAGG.CGGTTATTAG_HC3YYDSXY_L004_001	0.0407	0.0623	0.0286	0.0482	0.0207	0.036	0.0179	0.0384	0.047	0.0504	0	0.0415	0.0156	0	0.0081	0.006	0.1	0.0892	0.1475	0.0598	0.0107	0	0	0	0.023	0	0	0	0	0	0	0.1083	0	0
LOSQ.9ZJK.C2.E11.R0.urine.urine_GTCCTGGATA.CGGTGGCGAA_HC3YYDSXY_L004_001	0.0287	0.0435	0.0413	0.008	0.0338	0.0355	0.007	0.0335	0.0323	0.0574	0	0.0163	0	0.0107	0.0274	0.0235	0.1027	0.1046	0.1835	0.0378	0.0067	0	0	0.0096	0.024	0	0.0168	0	0	0.0164	0.0078	0.0911	0	0
LOSQ.9ZJK.C2.E6.R0.hair.hair_TAATGTGTCT.GTAAGGCATA_HC3YYDSXY_L002_001	0.052	0.0315	0.0278	0.003	0.0183	0.0337	0.0108	0.0312	0.081	0.0223	0	0.0096	0.0023	0.0154	0.0499	0	0.1551	0.0988	0.1108	0.0727	0.0412	0	0	0.0113	4e-04	0	0	0	0	0	0.0206	0.1003	0	0
LOSQ.9ZJK.C2.E6.R0.hair.smartseq_TCCGCCAATT.CTCCGTGCTG_HC3YYDSXY_L002_001	0.0534	0.0321	0.0246	0.0044	0.0222	0.0305	0.0104	0.0275	0.0909	0.0166	6e-04	0.0224	0.0122	0.0116	0.0206	0	0.1645	0.0968	0.1201	0.0766	0.0461	0	0	0.002	0.0066	0	0	0	0	0.0066	0.0178	0.0678	0.015	0
LOSQ.9ZJK.C3.E10.R0.urine.urine_TAATGTGTCT.GTAAGGCATA_HC3YYDSXY_L004_001	0.0304	0.0603	0.0429	0.0324	0.028	0.01	0.0225	0.0386	0.0234	0.105	0.0273	0.0151	0.0225	0.0188	0.0385	4e-04	0.0836	0.1155	0.1491	0.0458	0.0088	0	0	0	0	0	0	0	0	0	0	0.0813	0	0
LOSQ.9ZJK.C3.E1.R0.buccal.buccal_AGATCCATTA.ATCTCTACCA_HC3YYDSXY_L001_001	0.0347	0.0372	0.0443	0.0337	0.0264	0.0253	0.0224	0.0525	0.0249	0.0536	0.0758	0.0069	0.0191	0	0.0352	0.0161	0.0898	0.0977	0.1406	0.0429	0	0	0	0	0.0188	0	0	0	0	0	0	0.1022	0	0
LOSQ.9ZJK.C3.E4.R1.hair.hair_AGATCCATTA.ATCTCTACCA_HC3YYDSXY_L002_001	0.0533	0.0283	0.0309	0.0179	0.0217	0.0384	0.0029	0.0228	0.0758	0.019	0.0161	0.0193	9e-04	0.0254	0.057	0	0.1381	0.101	0.1115	0.0681	0.0337	0	0	3e-04	0	0	1e-04	0	0	0	0.0186	0.0993	0	0
LOSQ.9ZJK.C3.E4.R2.hair.hair_TATGCCTTAC.AGACACATTA_HC3YYDSXY_L002_001	0.0596	0.0231	0.0357	0.0224	0.0182	0.0395	0	0.0265	0.0694	0.0216	0.0141	0.0241	0.0033	0.0205	0.0361	0	0.144	0.0985	0.1169	0.0763	0.0339	0	0	0.0031	0	0	0	0	0	0	0.0162	0.097	0	0
LOSQ.9ZJK.C4.E12.R0.urine.smartseq_TGGCCTCTGT.TGAGACAGCG_HC3YYDSXY_L004_001	0.0304	0.0387	0.0452	0.0368	0.0249	0.0018	0.0288	0.0529	0.043	0.0728	0.0345	0.0214	0.0168	0	0.03	0	0.0712	0.1015	0.1553	0.0675	0.0239	0	0	0	0.0048	0	0.0072	0	0	0	0	0.0906	0	0
LOSQ.9ZJK.C4.E12.R0.urine.urine_TGTAATCGAC.GATCACCGCG_HC3YYDSXY_L004_001	0.0256	0.0432	0.022	0.0296	0.0405	0.01	0.0236	0.0456	0.0537	0.082	0.0448	0.0139	0.0245	0.0046	0.0351	0	0.0704	0.1194	0.1598	0.0448	0	0	0	0	0.0087	0	0	0	0	0.0209	0	0.0774	0	0
LOSQ.9ZJK.C4.E3.R0.buccal.buccal_TAATGTGTCT.GTAAGGCATA_HC3YYDSXY_L001_001	0.0377	0.0438	0.044	0.0452	0.0259	0.0113	0.026	0.0462	0.0122	0.045	0.057	0.0127	0.0242	0	0.0398	0.0021	0.1015	0.1227	0.159	0.0241	0.0022	0.0136	0	0	0.0048	0	0	0	0	0	0.0124	0.0795	0.0067	0
LOSQ.9ZJK.C4.E5.R0.hair.hair_AACCATAGAA.GGCGAGATGG_HC3YYDSXY_L002_001	0.0542	0.0332	0.0193	0.0052	0.0211	0.0359	0.0142	0.0222	0.0697	0.027	0.0234	0.0187	0.0072	0.0164	0.0354	0	0.1437	0.1093	0.1197	0.0682	0.0288	0	0	0.0124	0	0	0	0	0	0	0.0203	0.0795	0.0151	0
LOSQ.9ZJK.C4.E5.R0.hair.smartseq_ATTAACAAGG.TGTTGTTCGT_HC3YYDSXY_L002_001	0.0513	0.0216	0.0405	0.0109	0.0237	0.0372	0.0176	0.0163	0.0868	0.0129	0.0184	0.0184	0.0012	0.025	0.0348	0	0.1421	0.1062	0.1173	0.0644	0.0555	0	0	0.0055	0	0	0	0	0	1e-04	0.0076	0.0778	0.007	0
LOSQ.CQ1O.C1.Ep2.R0.hair.hair_AGAGGCAACC.CTAATGATGG_HC3YYDSXY_L002_001	0.0645	0.0249	0.0336	0.001	0.0217	0.0241	0.021	0.0368	0.0653	0.0202	0	0.0089	0.0159	4e-04	0.0343	0	0.1944	0.0956	0.1016	0.0733	0.0354	0	0	0.0059	0.001	0	0	0	0	0	0.0348	0.0854	0	0
LOSQ.CQ1O.C1.Ep4.R0.urine.urine_AGAGGCAACC.CTAATGATGG_HC3YYDSXY_L004_001	0.0411	0.0484	0.0264	0.0596	0.0238	0.007	0.0417	0.0325	0.044	0.0816	0	0.0196	0.0131	0.0077	0.0311	0.0018	0.0881	0.0962	0.1732	0.031	0.0072	0	0	0	0.002	0	0.0141	0	0	0.0033	0.0189	0.0777	0.0088	0
LOSQ.CQ1O.C2.E1.R0.buccal.buccal_AGGATGTGCT.TTACAATTCC_HC3YYDSXY_L001_001	0.0309	0.0174	0.0507	0.0775	0.0163	2e-04	0.0184	0.0549	0	0.0448	0.0355	0.0221	0.0214	0.0145	0.0092	0.0067	0.0845	0.1094	0.2745	0.0265	0.0101	0	0	0	0	0	0	0	0	0	0	0.0746	0	0
LOSQ.CQ1O.C2.E4.R1.hair.hair_ATGGTTGACT.GGCCTGTCCT_HC3YYDSXY_L002_001	0.0537	0.026	0.0326	0	0.018	0.0232	0.0167	0.0367	0.0806	0.014	0	0.0072	0.0149	0	0.0469	0	0.1956	0.0889	0.0945	0.0717	0.047	0	0	0.0106	0.0024	0	0	0	0	0	0.0305	0.0882	0	0
LOSQ.CQ1O.C2.E4.R2.hair.hair_ACGGTCAGGA.CGGCCTCGTT_HC3YYDSXY_L002_001	0.0652	0.0201	0.0328	0	0.0212	0.028	0.0119	0.0372	0.0798	0.016	0	0.0043	0.0122	0.0014	0.0463	0	0.1931	0.0905	0.0969	0.0728	0.0454	0	0	0.0067	0.001	0	0	0	0	0	0.0298	0.0874	0	0
LOSQ.CQ1O.C3.E10.R1.urine.urine_AGGATGTGCT.TTACAATTCC_HC3YYDSXY_L004_001	0.021	0.0277	0.0433	0.0832	0.0205	0.001	0.0333	0.0427	0.0302	0.0844	0	0.028	0.0211	0.0112	0.0287	0	0.0871	0.1117	0.169	0.0489	0.0077	0	0	0	0	0	0	0	0	0.0072	0.0034	0.0888	0	0
LOSQ.CQ1O.C3.E10.R2.urine.urine_GTCCGTAAGC.CGTGTATCTT_HC3YYDSXY_L004_001	0.0317	0.0339	0.0418	0.0845	0.0289	0.0056	0.0259	0.0354	0.0223	0.0934	0	0.0293	0.0156	0	0.0156	0	0.0987	0.1087	0.1617	0.0306	0.0134	0	0	0	0	0	0	0	0	0.0349	0	0.0869	0.0013	0
LOSQ.CQ1O.C3.E2.R0.buccal.buccal_CAGTGGCACT.TAACAATAGG_HC3YYDSXY_L001_001	0.0512	0.0448	0.0404	0.0393	0.0234	0.0422	9e-04	0.0404	0.0213	0.0592	0.065	0.0122	0.0162	0	0.039	0.0041	0.0894	0.1174	0.1672	0.0314	0.0041	0	0	0	0.0116	0	0	0	0	0	0	0.0793	0	0
LOSQ.CQ1O.C3.E6.R0.hair.hair_CAGTGGCACT.TAACAATAGG_HC3YYDSXY_L002_001	0.0475	0.0266	0.032	0.0076	0.0257	0.0404	0.0082	0.0227	0.066	0.0232	0.015	0.0149	0.0043	0.013	0.0445	0	0.1738	0.105	0.1159	0.0548	0.0241	0	0	0.0024	0	0	0.0065	0	0	0	0.0347	0.0912	0	0
LOSQ.CQ1O.C4.E11.R0.urine.urine_ACAGTGTATG.GAACATACGG_HC3YYDSXY_L004_001	0.0358	0.028	0.0414	0.0476	0.0213	0.0065	0.0261	0.0518	0.0404	0.0785	0	0.0172	0.0085	0.0282	0.0315	2e-04	0.1128	0.1035	0.1754	0.0404	0.0048	0	0	0	0.0024	0	0.0018	0	0	1e-04	0	0.096	0	0
LOSQ.CQ1O.C4.E5.R0.hair.hair_AGGATGTGCT.TTACAATTCC_HC3YYDSXY_L002_001	0.0498	0.0235	0.031	0.0099	0.0247	0.0516	0.0088	0.0073	0.0689	0.0294	0.0306	0.0168	0	0.0174	0.0393	0	0.14	0.1132	0.1249	0.0548	0.0323	0	0	0	0	0	0	0	0	0	0.0255	0.1001	0	0
LOSQ.CTWC.C1.Ep1.R0.buccal.buccal_GAGTCATAGG.GTGTGGCGCT_HC3YYDSXY_L001_001	0.0667	0.0628	0.0247	0.0459	0.0216	0.0269	0.0068	0.0502	0.0136	0.0456	0.0277	0.0068	0.0202	0	0.0339	0.0182	0.095	0.1008	0.1748	0.0379	0	0.0072	0	0	0	8e-04	0	0	0	0	0	0.1118	0	0
LOSQ.CTWC.C1.Ep2.R1.hair.hair_GAGTCATAGG.GTGTGGCGCT_HC3YYDSXY_L002_001	0.0559	0.0344	0.0202	0.0038	0.0144	0.024	0.0096	0.0383	0.0963	0.0276	0.0251	0.0088	0.013	0.0151	0.0525	0	0.1486	0.1069	0.125	0.0509	0.0169	0	0	0.0159	0.0042	0	0	0	0	0	0	0.0928	0	0
LOSQ.CTWC.C1.Ep2.R2.hair.hair_CATTAGTGCG.TGACTACATA_HC3YYDSXY_L002_001	0.0539	0.0264	0.0347	0.001	0.0182	0.0229	0.0028	0.0398	0.0956	0.0276	0.0183	0.0093	0.0104	0.0185	0.0557	0	0.1409	0.1043	0.1161	0.0476	0.0407	0	0	0.019	0	0	0	0	0	0	0	0.0963	0	0
LOSQ.CTWC.C1.Ep4.R0.urine.urine_GAGTCATAGG.GTGTGGCGCT_HC3YYDSXY_L004_001	0.0357	0.0352	0.0494	0.0425	0.0437	0.0168	0.0378	0.0329	0.0333	0.0958	0	0.0196	0.0227	0.0093	0.0293	0	0.0949	0.1096	0.1549	0.031	0.0145	0	0.0019	0.0046	0.0014	0	0.0057	0	0	0	0	0.0746	0.003	0
LOSQ.CTWC.C2.E12.R1.urine.urine_GTGCAGACAG.TACCATCCGT_HC3YYDSXY_L004_001	0.0546	0.0379	0.0456	0.043	0.0405	0.0256	0.0362	0.018	0.0224	0.0594	0.0464	0.0375	0.0171	0	0.0138	0	0.056	0.115	0.1605	0.0455	0	0.0162	0	0	0.0075	0	0	0	0	0.0129	0	0.0888	0	0
LOSQ.CTWC.C2.E12.R2.urine.urine_GGCAAGCCAG.CAAGCATCCG_HC3YYDSXY_L004_001	0.0287	0.0594	0.0267	0.0409	0.0257	0.0074	0.0239	0.0352	0.0441	0.0568	0.047	0.0266	0.0188	0	0.0218	1e-04	0.0917	0.1113	0.1524	0.0542	0.0282	0	0	0	0	0	0.0036	0	0	0	0.0142	0.068	0.013	0
LOSQ.CTWC.C2.E3.R1.buccal.buccal_TGTAATCGAC.GATCACCGCG_HC3YYDSXY_L001_001	0.0353	0.0437	0.0402	0.044	0.0368	0.0205	0.0141	0.0464	0.0366	0.0501	0.0383	0.0122	0.0307	0	0.0498	0.0058	0.1222	0.118	0.1559	0.0186	0.0022	0	0	0	0.0016	0	0	0	0	0	0.0019	0.071	0.004	0
LOSQ.CTWC.C2.E3.R2.buccal.buccal_GGCAAGCCAG.CAAGCATCCG_HC3YYDSXY_L001_001	0.039	0.0288	0.0584	0.0526	0.0239	0.0151	0.0168	0.0531	0.0233	0.0239	0.096	0.0098	0.0194	0	0.0499	0.0132	0.09	0.1181	0.1389	0.0329	0.016	0	0	0	0	0	0	0	0	0	0	0.0808	0	0
LOSQ.CTWC.C2.E5.R0.hair.hair_TAAGCATCCA.TCAATCCATT_HC3YYDSXY_L002_001	0.057	0.0257	0.0385	0	0.0162	0.0132	0.0168	0.046	0.0841	0.0183	0	0.0085	0.0123	0.004	0.034	0	0.1936	0.0881	0.0946	0.0707	0.046	0	0	0.0172	0	0	0	0	0	0	0.0297	0.0852	0	0
LOSQ.CTWC.C3.E10.R0.urine.urine_ACACAGGTGG.TGAGCGTTGT_HC3YYDSXY_L004_001	0.0257	0.0241	0.0794	0.0123	0.0492	0	4e-04	0.0594	0.0274	0.0766	0	0.0292	0.0061	0.0463	0.0222	0	0.0978	0.1371	0.1588	0.0291	0.0071	0	0	0	0	0	0	0	0	0.0041	0.009	0.0988	0	0
LOSQ.CTWC.C3.E1.R0.buccal.buccal_GGAATTGTAA.AGCACATCCT_HC3YYDSXY_L001_001	0.0288	0.0368	0.0357	0.0646	0.0274	0.0068	0.0284	0.0447	0.04	0.0412	0.0856	0.0234	0.0327	0.0105	0.0318	0.0019	0.0727	0.1177	0.1557	0.0233	0	0	0	0.0035	0.0061	0	0	0	0	0	0	0.0579	0.0229	0
LOSQ.CTWC.C3.E6.R0.hair.hair_GGAATTGTAA.AGCACATCCT_HC3YYDSXY_L002_001	0.0616	0.0235	0.0357	0	0.0197	0.0189	0.0208	0.037	0.0775	0.0273	0	0.0124	0.0063	0.0086	0.0335	0	0.1891	0.0886	0.1025	0.0687	0.0436	0	0	0.0076	0.0023	0	0	0	0	0	0.0259	0.0889	0	0
LOSQ.CTWC.C3.E6.R0.hair.smartseq_ATACTTGTTC.TAACCGCCGA_HC3YYDSXY_L002_001	0.0579	0.0324	0.0282	0.0017	0.0246	0.0214	0.0194	0.0352	0.0923	0.0057	0	0.0085	0.0061	0	0.0287	0	0.1916	0.0804	0.1133	0.0724	0.0751	0	0	0	0.006	0	0	0	0	0.0138	0.0091	0.0721	0.004	0
LOSQ.CTWC.C4.E11.R0.urine.urine_GGAATTGTAA.AGCACATCCT_HC3YYDSXY_L004_001	0.0258	0.0654	0.0211	0.0172	0.0241	0.009	0.0032	0.0429	0.0168	0.1375	0	0.0244	0.035	0.0066	0	0	0.0785	0.1221	0.122	0.0585	0.0223	0	0	0	0	0.0094	0.0216	0	0	0.0102	0.0209	0.1056	0	0
LOSQ.CTWC.C4.E2.R0.buccal.buccal_ACACAGGTGG.TGAGCGTTGT_HC3YYDSXY_L001_001	0.0337	0.0218	0.0513	0.1161	0.0196	0.0038	0.011	0.0515	0.0404	0.0465	0.0496	0.0158	0.0197	0	0.0216	0	0.058	0.1151	0.1946	0.0221	0.0204	0.0052	0	0	0	0	0	0	0	0	0	0.0824	0	0
LOSQ.CTWC.C4.E2.R0.buccal.smartseq_ATGGCGCCTG.TCCACGGCCT_HC3YYDSXY_L001_001	0.0404	0.0232	0.0447	0.1179	0.0172	0.0161	0.0059	0.0465	0.035	0.0326	0.069	0.0243	0.0187	0	0.0182	0.0028	0.0725	0.0881	0.1982	0.0256	0.0174	0	0	0	0.0084	0	0	0	0	0	0	0.0773	0	0
LOSQ.CTWC.C4.E4.R0.hair.hair_ACACAGGTGG.TGAGCGTTGT_HC3YYDSXY_L002_001	0.0642	0.0232	0.0356	0	0.0149	0.0282	0.0139	0.0353	0.0752	0.0292	0	0.0115	0.0022	0.0114	0.0386	0	0.1657	0.0927	0.1158	0.0752	0.0396	0	0	0.0032	0.0022	0	0	0	0	0	0.026	0.0928	0.0033	0
LOSQ.GCWK.C1.Ep2.R1.hair.hair_CGTCTCATAT.TATAGTAGCT_HC3YYDSXY_L002_001	0.0629	0.0228	0.0327	0	0.0211	0.0278	0.0151	0.029	0.0856	0.0202	0	0.0189	0.0124	0.0064	0.0308	0	0.1947	0.0912	0.104	0.0691	0.0435	0	0	0	0	0	0	0	0	0	0.0263	0.068	0.0172	0
LOSQ.GCWK.C1.Ep2.R2.hair.hair_CTGACTCTAC.ACGGCCGTCA_HC3YYDSXY_L002_001	0.0635	0.0317	0.0233	0	0.012	0.0143	0.0143	0.0473	0.0929	0.0216	0	0.0088	0.0169	0.0071	0.0392	0	0.1961	0.0832	0.1	0.0755	0.0369	0	0	0	0.005	0	0	0	0	0.0043	0.0199	0.0761	0.0101	0
LOSQ.GCWK.C1.Ep4.R0.urine.urine_CGTCTCATAT.TATAGTAGCT_HC3YYDSXY_L004_001	0.029	0.057	0.0054	0.0471	0.0302	0.0139	0.0137	0.0406	0.0399	0.0556	0.0254	0.0259	0.0076	0.0155	0.0172	0.0061	0.0928	0.1236	0.1633	0.0401	8e-04	0	0	0	0	0	0.0089	0	0	0.0204	0.01	0.0844	0.0255	0
LOSQ.GCWK.C2.E12.R0.urine.urine_CAATCGGCTG.GCTGTAGGAA_HC3YYDSXY_L004_001	0.0363	0.0343	0.0502	0.0519	0.0266	0.0228	0.0194	0.0442	0.0512	0.0629	0	0.0269	0.0109	0	0.0266	0	0.0741	0.1132	0.1489	0.0509	0.0092	0	0	0	0	0	0.0115	0	0	0.0039	0.0178	0.0959	0.0103	0
LOSQ.GCWK.C2.E5.R0.hair.hair_TCTATCCTAA.CGTCGACTGG_HC3YYDSXY_L002_001	0.0514	0.0273	0.0309	0	0.0199	0.035	0.0165	0.0285	0.0707	0.0307	0.0039	0.01	0.0058	0.0215	0.0394	0	0.1723	0.1001	0.1055	0.0688	0.041	0	0	0.009	8e-04	0	0	0	0	0	0.0241	0.0819	0.0047	0
LOSQ.GCWK.C3.E11.R1.urine.urine_GCCGCACTCT.TCCGACCTCG_HC3YYDSXY_L004_001	0.023	0.0347	0.0293	0.058	0.0203	0.0156	0.0326	0.0369	0.0392	0.0603	0.0597	0.013	0.0048	0.0054	0.0395	0.0032	0.0664	0.1189	0.148	0.0472	0.0282	0	0	0	0.0073	0	0.0181	0	0	0.001	0	0.0898	0	0
LOSQ.GCWK.C3.E11.R2.urine.urine_TGTCGCTGGT.TCGTCTGACT_HC3YYDSXY_L004_001	0.0327	0.0438	0.026	0.0457	0.0217	0.0166	0.027	0.0392	0.0457	0.0563	0.037	0.0178	0.0141	0.0191	0.0276	0	0.0707	0.1221	0.162	0.0489	0.0096	0	0	0	0.0094	0	0	0	0	0.0065	0.0077	0.0928	0	0
LOSQ.GCWK.C3.E6.R0.hair.hair_GTGACACGCA.GCTTACGGAC_HC3YYDSXY_L002_001	0.0585	0.0281	0.0286	0.0092	0.017	0.0366	0.0069	0.0327	0.0791	0.0264	0	0.0144	0.0076	0.021	0.0327	0	0.1653	0.1059	0.106	0.0702	0.035	0	0	0.0067	0	0	0	0	0	0	0.0162	0.0824	0.0137	0
LOSQ.GCWK.C4.E10.R0.urine.urine_TCTATCCTAA.CGTCGACTGG_HC3YYDSXY_L004_001	0.0407	0.0318	0.04	0.0217	0.0234	0.0212	0.0278	0.0387	0.0474	0.0425	0	0.0117	0.012	0.0187	0.0395	0	0.1292	0.1072	0.1538	0.063	0.0154	0	0	0.0081	0	0	0.0042	0	0	0	0.0114	0.0903	0	0
LOSQ.GCWK.C4.E2.R0.buccal.buccal_TCTATCCTAA.CGTCGACTGG_HC3YYDSXY_L001_001	0.0528	0.0275	0.0481	0.0638	0.0331	0.0537	0.0144	0.038	0.0182	0.0376	0.05	0.0117	0.0012	0	0.0279	0	0.0751	0.1105	0.1643	0.0388	0	0.0193	0	0	0.0148	0	0	0	0	0	0	0.0993	0	0
LOSQ.GCWK.C4.E4.R0.hair.hair_GTGCAGACAG.TACCATCCGT_HC3YYDSXY_L002_001	0.057	0.0288	0.0315	0	0.0222	0.0226	0.0196	0.034	0.086	0.0138	0	0.009	0.0124	0.018	0.0442	0	0.1758	0.093	0.1016	0.0717	0.0442	0	0	0.0051	0	0	0	0	0	0	0.0224	0.0758	0.0113	0
LOSQ.GCWK.C4.E4.R0.hair.smartseq_ATCGGCGAAG.TCCAAGAATT_HC3YYDSXY_L002_001	0.053	0.0268	0.0313	0	0.0242	0.0077	0.0287	0.0353	0.0969	0.0012	0	0.0151	0.0127	0.011	0.0344	0	0.1883	0.086	0.1063	0.073	0.0538	0	0	0.0075	0.0011	0	0	0	0	0	0.0176	0.0747	0.0134	0
LOSQ.HXCL.C1.Ep1.R0.buccal.buccal_AGGTCAGATA.CTACAAGATA_HC3YYDSXY_L001_001	0.0439	0.0225	0.0616	0.059	0.0211	0.0197	0.0191	0.0336	0.002	0.0586	0.0513	0.0157	0.0266	0	0.0222	0	0.0555	0.1286	0.2242	0.0215	0.0063	0.0234	0	0	0	0.0032	0	0	0	0	0	0.0804	0	0
LOSQ.HXCL.C1.Ep2.R0.hair.hair_AGGTCAGATA.CTACAAGATA_HC3YYDSXY_L002_001	0.0608	0.0347	0.0288	0.0068	0.0203	0.0268	0	0.0328	0.1092	0.0191	0.0245	0.0131	0.0154	0.0104	0.0568	0	0.1429	0.1038	0.1068	0.0588	0.0288	0	0	0.0125	0.0048	0	0	0	0	0	0	0.0822	0	0
LOSQ.HXCL.C2.E5.R0.hair.hair_ACGCCTTGTT.TAAGGAACGT_HC3YYDSXY_L002_001	0.0598	0.0282	0.0306	0	0.0214	0.0417	0.0109	0.0263	0.083	0.0329	0.0105	0.0113	0.009	0.0055	0.0423	0	0.1536	0.0928	0.1092	0.0792	0.0398	0	0	0.0025	0.0032	0	0	0	0	0	0.0228	0.0834	0	0
LOSQ.HXCL.C3.E2.R1.buccal.buccal_GGTTGCGAGG.AATAGAGCAA_HC3YYDSXY_L001_001	0.0441	0.0264	0.0571	0.0947	0.0144	0.0199	0.0193	0.0481	0.0193	0.0462	0.004	0.0099	0.0076	0	0.0427	0.0053	0.0973	0.0939	0.2141	0.0314	0.0144	0.0029	0	0	0	0	0	0	0	0	0	0.087	0	0
LOSQ.HXCL.C3.E2.R2.buccal.buccal_ACCGTTACAA.CTCATAGCGA_HC3YYDSXY_L001_001	0.0437	0.0343	0.0405	0.0868	0.0235	0.0087	0.022	0.0478	0.0209	0.0434	0.0316	0.0139	0.0083	0	0.0296	0.0064	0.0709	0.1017	0.2288	0.0232	0.0268	0	0	0	9e-04	0	0	0	0	0	0	0.0862	0	0
LOSQ.HXCL.C3.E6.R1.hair.hair_CTCGCTTCGG.TACTAGTCAA_HC3YYDSXY_L002_001	0.0614	0.0276	0.0341	0.0156	0.0169	0.0291	0.0029	0.0329	0.0823	0.0193	0.0288	0.0308	0	0.025	0.0332	0	0.1187	0.094	0.1145	0.0729	0.0183	0	0	0.0063	0	0	0.0087	0	0	0.0029	0.0285	0.0952	0	0
LOSQ.HXCL.C3.E6.R2.hair.hair_GTCCGTAAGC.CGTGTATCTT_HC3YYDSXY_L002_001	0.0676	0.0282	0.0352	0.0059	0.0218	0.0406	0	0.0225	0.0639	0.017	0.0367	0.0301	0.004	0.0333	0.031	0	0.1215	0.0928	0.1274	0.0781	0.0214	0	0	0.0127	0	0	0.0066	0	0	0	0.018	0.0836	0	0
LOSQ.HXCL.C4.E11.R1.urine.urine_CCACCAGGCA.CTTATGGAAT_HC3YYDSXY_L004_001	0.019	0.0208	0.0503	0.0917	0.0197	0	0.0317	0.0314	0.0247	0.1281	0	0.0347	0.0126	0.0171	0.0105	0	0.0847	0.1353	0.1098	0.043	0.0234	0	0	0	0.0112	0	0.0121	0	0	0	0	0.0705	0.0178	0
LOSQ.HXCL.C4.E11.R2.urine.urine_ACAAGTGGAC.GCGCGATGTT_HC3YYDSXY_L004_001	0.0183	0.0158	0.0528	0.0994	0.0217	0.0032	0.0339	0.0245	0.032	0.1304	0	0.0299	0.0156	0.0072	0.0123	0	0.0816	0.1378	0.1052	0.0371	0.0226	0	0	0	0.0108	0	0.0132	0	0	0.0086	1e-04	0.0859	0	0
LOSQ.HXCL.C4.E4.R0.hair.hair_CAATCGGCTG.GCTGTAGGAA_HC3YYDSXY_L002_001	0.0585	0.0346	0.0252	0.0212	0.0223	0.0228	0.0088	0.0249	0.0656	0.0293	0.084	0.0311	0	0.0336	0.0158	0	0.0959	0.1008	0.1292	0.0639	0.0238	0	0	0	0	0	0	0	0	0.0012	0.0063	0.1011	0	0
LOSQ.JDNS.C1.Ep2.R0.hair.hair_CCATCATTAG.GGTTGCCTCT_HC3YYDSXY_L002_001	0.0606	0.0236	0.0353	0	0.019	0.0242	0.0052	0.0415	0.086	0.0221	0	0.0134	0.0116	0.0038	0.0427	0	0.1889	0.0855	0.0997	0.0701	0.0537	0	0	0.0032	0.0032	0	0	0	0	0	0.0231	0.0838	0	0
LOSQ.JDNS.C1.Ep4.R1.urine.urine_CCATCATTAG.GGTTGCCTCT_HC3YYDSXY_L004_001	0.0311	0.0139	0.0509	0.0617	0.0453	0.0148	0.0368	0.0269	0.0163	0.0832	0	0.0044	0.0087	3e-04	0.031	0	0.0628	0.1436	0.1182	0.0441	0.0245	0	0	0	0.0074	0	0	0	0	0.013	0	0.109	0.047	0.0052
LOSQ.JDNS.C1.Ep4.R2.urine.urine_CATTAGTGCG.TGACTACATA_HC3YYDSXY_L004_001	0.036	0.0266	0.0533	0.0663	0.0405	0.0258	0.0293	0.0208	0.0199	0.0712	0	0.0075	0.0038	0.0043	0.0346	0.0056	0.0644	0.1542	0.099	0.0438	0.0365	0	0	0	0	0	0	0	0	0.009	0	0.0746	0.0729	0
LOSQ.JDNS.C2.E11.R0.urine.urine_TGATGTAAGA.GTGCGTCCTT_HC3YYDSXY_L004_001	0.0287	0.0236	0.0461	0.0624	0.0314	0.0148	0.0154	0.0346	0.0295	0.0758	0.0104	0.0169	0.0197	0.0048	0.0322	0	0.0924	0.1336	0.1253	0.0467	7e-04	0	0	0.0052	0	0	0.0029	0	0	0.0037	0	0.0906	0.0526	0
LOSQ.JDNS.C2.E5.R0.hair.hair_TGATGTAAGA.GTGCGTCCTT_HC3YYDSXY_L002_001	0.0488	0.0298	0.0277	0.0056	0.0257	0.0352	0	0.0278	0.0663	0.0258	0.0585	0.0233	0	0.0241	0.0394	0	0.1128	0.1216	0.1201	0.0642	0.027	0	0	0.0095	0	0	0	0	0	0	0.0076	0.0882	0.0108	0
LOSQ.JDNS.C2.E7.R2.saliva.saliva_ACGGTCAGGA.CGGCCTCGTT_HC3YYDSXY_L003_001	0.0326	0.0086	0.0658	0.1867	0.0161	0.0128	0.0123	0.0326	0.0066	0.0204	0	0.0098	6e-04	0.0012	0.019	0.0084	0.0305	0.0685	0.3227	0.0427	0.0103	0	0	0.0052	0	0	0	0	0	0	0.005	0.0818	0	0
LOSQ.JDNS.C3.E10.R0.urine.urine_GGTTGCGAGG.AATAGAGCAA_HC3YYDSXY_L004_001	0.0252	0.0206	0.0319	0.1077	0.032	0.0076	0.0329	0.0265	0.0102	0.0464	0	0.0248	0.0092	0.0214	0.023	0.0022	0.0365	0.3167	0.0911	0.039	0.011	0	0.0032	0	0	0	0	0	0	0	0.0073	0.0737	0	0
LOSQ.JDNS.C3.E6.R0.hair.hair_CTTGTACACC.AAGCGCGCTT_HC3YYDSXY_L002_001	0.061	0.0234	0.0382	0.0106	0.0186	0.0428	0.0124	0.0212	0.0725	0.0245	0	0.0169	0.0118	0.0158	0.0372	0	0.1632	0.0945	0.1122	0.0707	0.0346	0	0	0.0031	0.0066	0	0	0	0	0	0.017	0.0914	0	0
LOSQ.JDNS.C4.E4.R0.hair.hair_TATTGCGCTC.CTGTGTTAGG_HC3YYDSXY_L002_001	0.0609	0.0258	0.041	0.0118	0.0241	0.0398	0.0147	0.0077	0.0625	0.0199	0.0513	0.0287	0	0.0154	0.0158	0	0.1198	0.091	0.1345	0.0688	0.0342	0	0	0.0162	0	0	0	0	0	0	0.0237	0.0923	0	0
LOSQ.JDNS.C4.E8.R0.saliva.saliva_CTTGTACACC.AAGCGCGCTT_HC3YYDSXY_L003_001	0.0325	0	0.0873	0.1769	0.0129	0.0182	0.0112	0.0164	0.0094	0.0196	0	0.0071	0.0024	0.0145	0.0119	0	0.0239	0.0847	0.3039	0.0466	0.0153	0	0	0.0064	0	0	0	0	0	0	0.0107	0.0741	0.0141	0
LOSQ.L5IJ.C1.Ep2.R0.hair.hair_CGGTTACGGC.AAGACTATAG_HC3YYDSXY_L002_001	0.0668	0.0223	0.0375	5e-04	0.0195	0.027	0.0152	0.0345	0.0796	0.0203	0	0.0121	0.0041	0.0023	0.0443	0	0.1778	0.0959	0.0999	0.0646	0.0494	0	0	0.0079	0	0	0	0	0	0	0.0258	0.0894	0.0032	0
LOSQ.L5IJ.C1.Ep4.R0.urine.urine_CGGTTACGGC.AAGACTATAG_HC3YYDSXY_L004_001	0.028	0.0423	0.0239	0.0365	0.0216	0.004	0.0245	0.0532	0.0352	0.0826	0.0257	0	0.0198	0.0046	0.0518	0.0048	0.0787	0.1003	0.1854	0.057	0	0	0	0	0.0056	0	0	0	0	0.034	0	0.0801	3e-04	0
LOSQ.L5IJ.C2.E12.R0.urine.urine_AACACTGTTA.GCAAGTCTCA_HC3YYDSXY_L004_001	0.0278	0.0253	0.0392	0.041	0.0248	0.0145	0.0251	0.0328	0.0409	0.0975	0	0.0123	0.0157	2e-04	0.0471	0	0.0892	0.103	0.1926	0.0444	0.0171	0	0	0	0.002	0	0.014	0	0	0.0102	6e-04	0.0826	0	0
LOSQ.L5IJ.C2.E3.R2.buccal.buccal_CCTCTACATG.GATACCTCCT_HC3YYDSXY_L001_001	0.0373	0.0282	0.0591	0.063	0.0149	0.0095	0	0.0596	0.0062	0.0243	0.0349	0.0222	0.038	0	0.0214	0	0.1059	0.1198	0.2148	0.0208	0	0	0	0.0021	0	0	0.0215	0	0	0	0	0.0966	0	0
LOSQ.L5IJ.C2.E6.R0.hair.hair_CAGCCGCGTA.ACTAGCCGTG_HC3YYDSXY_L002_001	0.0637	0.0319	0.0234	0.0153	0.0296	0.0352	0.003	0.0166	0.0663	0.029	0.0615	0.03	0	0.0324	0.0222	0	0.0982	0.1182	0.1257	0.0543	0.0305	0	0	0.0042	0	0	1e-04	0	0	0	0.0133	0.0806	0.0147	0
LOSQ.L5IJ.C3.E11.R0.urine.urine_CTGCGAGCCA.AATCCGGCCA_HC3YYDSXY_L004_001	0.0344	0.0218	0.1021	0.0818	0.0238	0	0.035	0.0319	0.0239	0.029	0	0.0097	0.0113	0	0.0212	0	0.0726	0.0618	0.2818	0.0348	0.0261	0	0	0	0	0	0	0	0	0.0115	0	0.0676	0.018	0
LOSQ.L5IJ.C3.E4.R0.hair.hair_CCATCTCGCC.TTCTATGGTT_HC3YYDSXY_L002_001	0.0442	0.034	0.0182	0.022	0.0234	0.0417	0.0058	0.0089	0.059	0.026	0.0689	0.0318	0	0.0212	0.0143	0	0.101	0.1168	0.1216	0.0764	0.0421	0	0	0.003	0	0	0	0	0	0.0045	0.0207	0.079	0.0156	0
LOSQ.L5IJ.C4.E10.R1.urine.urine_ACGCCTTGTT.TAAGGAACGT_HC3YYDSXY_L004_001	0.0355	0.0251	0.1247	0.0518	0.0106	1e-04	0.0252	0.0372	0.0146	0.0305	0	0.019	0.0102	0	0.0287	0	0.0807	0.1048	0.1978	0.034	0.0345	0	0	0	0	0	0.0029	0	0	0	0.0281	0.1042	0	0
LOSQ.L5IJ.C4.E10.R2.urine.urine_TATGCCTTAC.AGACACATTA_HC3YYDSXY_L004_001	0.0327	0.0411	0.1092	0.0453	0.0104	0	0.0352	0.0338	0.0129	0.0339	0	0.0232	0.0064	0.0034	0.0227	0	0.0696	0.1103	0.1931	0.0348	0.0487	0	0	0	0	0	0	0	0	0	0.026	0.1072	0	0
LOSQ.L5IJ.C4.E5.R0.hair.hair_AACACTGTTA.GCAAGTCTCA_HC3YYDSXY_L002_001	0.0462	0.0271	0.0333	0.0104	0.0252	0.0346	0	0.0184	0.0495	0.0221	0.0775	0.0395	0.0066	0.0276	0.0057	0	0.1225	0.1192	0.1204	0.058	0.0422	0	0	0.0057	0	0	0	0	0	0	0.0119	0.0965	0	0
LOSQ.MHGA.C1.Ep2.R0.hair.hair_GAACTGAGCG.TCGTGGAGCG_HC3YYDSXY_L002_001	0.051	0.0251	0.036	5e-04	0.0188	0.0263	0.018	0.033	0.0837	0.0289	0	0.0093	0.0073	0.0085	0.0447	0	0.1599	0.0966	0.104	0.0759	0.0337	0	0	0.008	0	0	0	0	0	0	0.037	0.0888	0.0048	0
LOSQ.MHGA.C2.E12.R0.urine.urine_CACGGAACAA.AACCTAGCAC_HC3YYDSXY_L004_001	0.021	0.0313	0.0356	0.0449	0.0321	0.006	0.0259	0.0551	0.0465	0.06	0	0.0136	0.0094	0.0242	0.0597	0	0.0969	0.1157	0.1816	0.0552	0.0093	0	0	0	0.0035	0	0	0	0	0	0	0.05	0.0226	0
LOSQ.MHGA.C2.E6.R0.hair.hair_CACGGAACAA.AACCTAGCAC_HC3YYDSXY_L002_001	0.0543	0.0242	0.0353	0.0081	0.0182	0.0356	0.003	0.0302	0.0923	0.0318	0	0.0183	0.0119	0.0193	0.0464	0	0.1518	0.1022	0.1173	0.0629	0.0249	0	0	0	0.0019	0	0	0	0	0	0.0136	0.0751	0.0214	0
LOSQ.MHGA.C3.E11.R1.urine.urine_TGATTATACG.GTCGATTACA_HC3YYDSXY_L004_001	0.0268	0.0352	0.0422	0.0443	0.0291	0.023	0.0244	0.0368	0.0375	0.0716	0.009	0.0159	0.0018	0	0.0464	0	0.0964	0.1024	0.174	0.0604	0.0141	0	0	0	0.0045	0	0	0	0	0.0274	0	0.0667	0.0101	0
LOSQ.MHGA.C3.E11.R2.urine.urine_ACCGTTACAA.CTCATAGCGA_HC3YYDSXY_L004_001	0.0264	0.0373	0.0279	0.0375	0.0234	0.0134	0.035	0.0403	0.0415	0.0554	0.0422	0.0146	0.0115	0.0062	0.0459	0	0.0877	0.1031	0.1781	0.0578	0	0	0	0	0	0	0	0	0	0.0254	0	0.0846	0.0045	0
LOSQ.MHGA.C3.E4.R1.hair.hair_AGTGTTGCAC.CTGGTACACG_HC3YYDSXY_L002_001	0.0607	0.023	0.0392	8e-04	0.0221	0.0287	0.009	0.0402	0.0784	0.028	0	0.0179	0.0138	0.0178	0.0352	0	0.1601	0.1012	0.1177	0.0714	0.0283	0	0	0.0067	0.0045	0	0	0	0	0	0.012	0.0833	0	0
LOSQ.MHGA.C3.E4.R2.hair.hair_ACAAGTGGAC.GCGCGATGTT_HC3YYDSXY_L002_001	0.0484	0.0266	0.0322	0.0069	0.0232	0.021	0.014	0.0401	0.0813	0.0318	0.0027	0.0193	0.0226	0.0122	0.0382	0	0.1675	0.099	0.1085	0.0726	0.0245	0	0	0.0029	0.0045	0	0.0016	0	0	0	0.007	0.0914	0	0
LOSQ.QRW2.C1.Ep2.R0.hair.hair_GACTGAGTAG.GTTGATAGTG_HC3YYDSXY_L002_001	0.0484	0.0362	0.0197	0.0023	0.0242	0.0373	0.0152	0.0265	0.0591	0.0455	0.0244	0.0074	6e-04	0.0188	0.0371	0	0.1308	0.1109	0.1262	0.0675	0.0352	0	0	0.0099	0.0028	0	0	0	0	0	0.022	0.0871	0.005	0
LOSQ.QRW2.C1.Ep4.R0.urine.smartseq_AACGAGGCCG.ATACCTGGAT_HC3YYDSXY_L004_001	0.0239	0.0041	0.0495	0.1948	0.0304	0	0.038	0.0218	0.0207	0.0613	0	0.0288	0.0286	0.005	0	0	0.059	0.159	0.1313	0.0344	0.0111	0	0	0	0	0	0	0	0	0.0088	0.0172	0.0724	0	0
LOSQ.QRW2.C1.Ep4.R0.urine.urine_GACTGAGTAG.GTTGATAGTG_HC3YYDSXY_L004_001	0.0304	0.0126	0.0459	0.1802	0.0243	0.0015	0.042	0.0274	0.0111	0.0758	0	0.0166	0.0201	0.0059	0.0082	0	0.0677	0.167	0.119	0.0328	0.0113	0	0	0	0	0	0	0	0	0.0182	0.001	0.066	0.015	0
LOSQ.QRW2.C2.E10.R1.urine.urine_TTCTACATAC.CTAACTGTAA_HC3YYDSXY_L004_001	0.0195	0.0316	0.0429	0.1184	0.0176	0.0014	0.0383	0.0441	0.0266	0.0625	0	0.0172	0.0072	0.0118	0.0276	0	0.074	0.1084	0.1847	0.0254	0.0216	0	0	0	0	0	0	0	0	0.0288	0.0058	0.0845	0	0
LOSQ.QRW2.C2.E10.R2.urine.urine_ACGGTCAGGA.CGGCCTCGTT_HC3YYDSXY_L004_001	0.0199	0.032	0.035	0.1044	0.0157	0	0.0234	0.0484	0.0406	0.0755	0	0.0164	0.0099	0	0.0369	0	0.0548	0.1018	0.191	0.0271	0.0478	0	0	0	0	0	0.0068	0	0	0.0174	0	0.0952	0	0
LOSQ.QRW2.C2.E6.R0.hair.hair_ACCGGCCGTA.TGGCAATATT_HC3YYDSXY_L002_001	0.0472	0.03	0.0323	0.0115	0.0207	0.0577	0.0071	0.0053	0.0643	0.0352	0.0376	0.0178	0	0.0187	0.0356	0	0.1339	0.0997	0.1156	0.0711	0.0384	0	0	0.0034	0.0049	0	0	0	0	0	0.0178	0.0944	0	0
LOSQ.QRW2.C2.E6.R0.hair.smartseq_GAATTACAAG.ACCGGCTCAG_HC3YYDSXY_L002_001	0.0562	0.0244	0.0348	0.007	0.0246	0.0349	0.0195	0.0131	0.0791	0.0234	0.0548	0.026	0	0.0029	0.0105	0	0.1322	0.104	0.1223	0.0667	0.0478	0	0	0	0	0	0	0	0	0.019	0.0119	0.0841	7e-04	0
LOSQ.QRW2.C3.E11.R0.urine.smartseq_GAATACCTAT.ACAATAGAGT_HC3YYDSXY_L004_001	0.0213	0.0267	0.0408	0.0988	0.0169	0	0.0343	0.0377	0.0334	0.0653	0	0.0203	0.0227	0.0048	0.0158	0	0.0956	0.1064	0.1793	0.043	0.0306	0	0	0	0	0	0	0	0	0.0144	0	0.0611	0.0309	0
LOSQ.QRW2.C3.E11.R0.urine.urine_CAGTGGCACT.TAACAATAGG_HC3YYDSXY_L004_001	0.0296	0.0218	0.0528	0.095	0.0217	0.0051	0.0256	0.033	0.0216	0.0796	0	0.0147	0.0149	0.0025	0.0207	0	0.0796	0.1048	0.1846	0.0371	0.0405	0	0	0.0058	0	0	0.0144	0	0	0.0128	0	0.0818	0	0
LOSQ.QRW2.C3.E3.R0.buccal.buccal_CAGCCGCGTA.ACTAGCCGTG_HC3YYDSXY_L001_001	0.0278	0.0523	0.0274	0.0542	0.0272	0.0264	0.0288	0.0399	0.022	0.0561	0.0832	0.0101	0.0279	0	0.0409	0	0.063	0.1342	0.1354	0.0377	0.0214	0	0	0	0	0	0	0	0	0	0.0028	0.0702	0.0112	0
LOSQ.QRW2.C3.E5.R0.hair.hair_GTCCTGGATA.CGGTGGCGAA_HC3YYDSXY_L002_001	0.0701	0.0261	0.0275	0.0146	0.0246	0.0478	0.0019	0.0098	0.0706	0.0242	0.0716	0.0254	0	0.0182	0.0184	0	0.1042	0.0975	0.1357	0.0655	0.0408	0	0	0	0	0	0	0	0	0	0.0154	0.0877	0.0024	0
LOSQ.QRW2.C3.E5.R0.hair.smartseq_AGGCAGCTCT.CGGCTAACGT_HC3YYDSXY_L002_001	0.0644	0.0276	0.0301	0.0142	0.0297	0.0234	0.0199	0.0164	0.0759	0.0157	0.087	0.0246	8e-04	0.0207	0.0173	0	0.101	0.0994	0.1281	0.0721	0.0337	0	0	0	0	0	0	0	0	0.0073	0.008	0.0827	0	0
LOSQ.QRW2.C4.E12.R0.urine.urine_ATACCAACGC.AATTGCTGCG_HC3YYDSXY_L004_001	0.0244	0.0296	0.0331	0.1656	0.0199	0.0113	0.0269	0.0242	3e-04	0.0731	0	0.0153	0.0185	0.0101	0.0066	0	0.0482	0.1259	0.2034	0.0357	0.014	0	0	0.0169	0	0	0	0	0	0.0113	0.0036	0.0736	0.0085	0
LOSQ.QRW2.C4.E2.R1.buccal.buccal_ATACCAACGC.AATTGCTGCG_HC3YYDSXY_L001_001	0.0379	0.0389	0.0372	0.0353	0.0238	0.0321	0.0088	0.046	0.0331	0.0434	0.059	0.0049	0.017	0	0.0609	0.0059	0.0813	0.1366	0.145	0.0474	0.0053	0	0	0	0.0044	0.0016	0	0	0	0	0	0.0942	0	0
LOSQ.QRW2.C4.E2.R2.buccal.buccal_ACTTCAAGCG.GAACCATGAA_HC3YYDSXY_L001_001	0.044	0.0362	0.0369	0.0456	0.0164	0.0301	0.0014	0.0709	0.0297	0.0425	0.0676	0.0104	0.0241	0	0.0403	0.0016	0.085	0.1134	0.1469	0.0429	0.0064	0	0	0	0.0045	0	0	0	0	0	0	0.1034	0	0
LOSQ.QRW2.C4.E4.R0.hair.hair_ATACCAACGC.AATTGCTGCG_HC3YYDSXY_L002_001	0.0596	0.0259	0.0307	0.0141	0.025	0.0498	0.0124	0.0136	0.0692	0.0309	1e-04	0.0164	0	0.0217	0.0249	0	0.1677	0.1051	0.1149	0.0585	0.0364	0	0	0.0011	0	0	0	0	0	0	0.0231	0.0721	0.0269	0
LOSQ.QYXK.C1.Ep2.R0.hair.hair_AGTCAGACGA.ACCAGCGACA_HC3YYDSXY_L002_001	0.0548	0.0272	0.0308	0	0.0196	0.03	0.0055	0.0405	0.0616	0.0195	0	0	0.0152	0.0184	0.0436	0	0.1754	0.1066	0.1016	0.0649	0.0429	0	0	0.0159	0.0044	0	0	0	0	0	0.03	0.0919	0	0
LOSQ.QYXK.C1.Ep4.R0.urine.urine_AGTCAGACGA.ACCAGCGACA_HC3YYDSXY_L004_001	0.0461	0.0269	0.0905	0.0964	0.0274	0.0279	0.0088	0.0305	0.0152	0.0339	0	0.0054	0.0052	0.0059	0.0466	0.0019	0.0596	0.0849	0.2608	0.0358	0.0107	0	0	0	0	0	0	0	0	0	0	0.0794	0	0
LOSQ.QYXK.C2.E12.R0.urine.urine_GTATTGACGT.GGAATTCCAA_HC3YYDSXY_L004_001	0.0524	0.0498	0.0385	0.0915	0.0181	0.039	0.0092	0.0342	0.0288	0.0262	0	0.0051	0.0125	0	0.0346	0.0136	0.0441	0.0963	0.2695	0.0371	0.0156	0	0	0	0	0	0	0	0	0	8e-04	0.083	0	0
LOSQ.QYXK.C2.E4.R0.hair.hair_GTATTGACGT.GGAATTCCAA_HC3YYDSXY_L002_001	0.062	0.0232	0.0367	5e-04	0.0177	0.0292	0.0187	0.0314	0.0701	0.0234	0	0.0078	0.0129	0.0046	0.038	0	0.1804	0.0952	0.0984	0.07	0.06	0	0	0.0062	0	0	0	0	0	0	0.0282	0.0854	0	0
LOSQ.QYXK.C3.E2.R0.buccal.buccal_CCTGTCTGTC.ACTGTTGTGA_HC3YYDSXY_L001_001	0.038	0.0253	0.0654	0.0885	0.021	0.0206	0.0146	0.0364	0.022	0.0232	0.046	0.0172	0.0207	0	0.0293	0	0.0591	0.0964	0.2436	0.0263	0.0126	0	0	0.0152	0	0	0	0	0	0	0	0.0788	0	0
LOSQ.QYXK.C3.E2.R0.buccal.smartseq_TCAATGGAGA.GCACTACAAC_HC3YYDSXY_L001_001	0.0268	0.033	0.0488	0.0978	0.0238	0.0045	0.0143	0.0586	0.0264	0.049	0.0124	0.0068	0.0226	0.0024	0.0278	0	0.0714	0.0993	0.2318	0.0311	0.0136	0	0	0	0.0144	0	0	0	0	0	0	0.0836	0	0
LOSQ.QYXK.C3.E5.R0.hair.hair_GGTTGCGAGG.AATAGAGCAA_HC3YYDSXY_L002_001	0.0615	0.0246	0.0308	0.0095	0.0194	0.0241	0.0147	0.0353	0.0836	0.0281	0	0.0091	0.0099	0.001	0.0368	0	0.172	0.0988	0.0981	0.0636	0.0594	0	0	0.0049	0	0	0	0	0	0	0.0244	0.0903	0	0
LOSQ.QYXK.C3.E5.R0.hair.smartseq_TAATTAGCGT.TGGTTAAGAA_HC3YYDSXY_L002_001	0.0541	0.0215	0.0363	0.006	0.0193	0.0157	0.0189	0.0391	0.0913	0.01	0	0.0069	0.0175	9e-04	0.0315	0	0.1828	0.0959	0.1086	0.0681	0.0655	0	0	0.0012	0.0037	0	0	0	0	0	0.0217	0.0834	0	0
LOSQ.QYXK.C4.E10.R0.urine.smartseq_CCAGGCACCA.ACGCTAATTA_HC3YYDSXY_L004_001	0.047	0.0337	0.0467	0.059	0.0234	0.0159	0.0221	0.0336	0.0268	0.0671	0.0171	0.0307	0.0132	0.0044	0.0195	0.0083	0.0921	0.118	0.1697	0.0434	0.0178	0	0	0	0	0	0	0	0	0	0	0.0907	0	0
LOSQ.QYXK.C4.E3.R0.buccal.buccal_ACCGGCCGTA.TGGCAATATT_HC3YYDSXY_L001_001	0.0386	0.0365	0.0576	0.0504	0.0196	0.0395	0.0121	0.0357	0.0184	0.0546	0.0458	0.0166	0.0254	0	0.036	0	0.1091	0.1193	0.1554	0.0327	0.0128	0	0	0	0.0067	0	0	0	0	0	0	0.0772	0	0
LOSQ.QYXK.C4.E3.R0.buccal.smartseq_CACTCAATTC.TTAAGTTGTG_HC3YYDSXY_L001_001	0.0469	0.0252	0.0566	0.0405	0.031	0.0344	0.0127	0.0276	0.0421	0.0361	0.0472	0.0227	0.0142	0	0.0237	0.0124	0.1146	0.1044	0.1637	0.0536	0	0	0	0	0.0126	0	0	0	0	0.0042	0	0.0735	0	0
LOSQ.QYXK.C4.E6.R1.hair.hair_CCTGTCTGTC.ACTGTTGTGA_HC3YYDSXY_L002_001	0.0634	0.0226	0.0366	0	0.0167	0.0307	0.0096	0.0384	0.0736	0.0352	0	0.0098	0.0101	7e-04	0.0352	0	0.1731	0.0904	0.1066	0.073	0.0561	0	0	0.0083	0.001	0	0	0	0	0	0.0221	0.0852	0.0014	0
LOSQ.QYXK.C4.E6.R2.hair.hair_CCTCTACATG.GATACCTCCT_HC3YYDSXY_L002_001	0.06	0.0158	0.0434	6e-04	0.0167	0.027	0.0165	0.0341	0.081	0.0326	0	0.0086	0.0109	0.0018	0.0303	0	0.1674	0.0943	0.1064	0.0696	0.0563	0	0	0.0038	0.003	0	0	0	0	0	0.0307	0.0892	0	0
LOSQ.RCCA.C1.Ep2.R0.hair.hair_TCCATTGCCG.GAATGCACGA_HC3YYDSXY_L002_001	0.0513	0.0269	0.0351	0.0084	0.0149	0.0357	0.0161	0.0266	0.0721	0.0305	4e-04	0.0101	0.0055	0.0131	0.039	0	0.1654	0.0903	0.1176	0.08	0.0378	0	0	0.0043	0.005	0	0	0	0	0	0.0211	0.0926	0	0
LOSQ.RCCA.C1.Ep4.R0.urine.urine_TCCATTGCCG.GAATGCACGA_HC3YYDSXY_L004_001	0.0385	0.0412	0.0224	0.1335	0.0246	0.0051	0.026	0.0365	0.0128	0.056	0.0121	0.0104	0.0162	0.001	0.0157	0	0.0593	0.1515	0.1253	0.0514	0	0	0	0	0	0	0.0236	0	0	0.0167	0.011	0.0999	0.0092	0
LOSQ.RCCA.C2.E10.R0.urine.urine_ACCACGACAT.TCGTATGCGG_HC3YYDSXY_L004_001	0.0349	0.0415	0.0284	0.0604	0.0312	0	0.0177	0.0501	0.0091	0.0988	0	0.0392	0.0156	0	0	0.0033	0.0708	0.162	0.1239	0.0596	0.0076	0	0	0	0	0	0.0416	0	0	0	0	0.1042	0	0
LOSQ.RCCA.C2.E6.R1.hair.hair_CTCTGCAGCG.GATGGATGTA_HC3YYDSXY_L002_001	0.0545	0.0205	0.0362	0.0053	0.0194	0.0469	0.0138	0.016	0.0572	0.0285	0.035	0.0138	0	0.0154	0.0306	0	0.1525	0.1129	0.1159	0.0687	0.0427	0	0	0.0034	0.007	0	0	0	0	0	0.0137	0.0904	0	0
LOSQ.RCCA.C2.E6.R2.hair.hair_GGAGCGTGTA.ATCCGTAAGT_HC3YYDSXY_L002_001	0.0532	0.0297	0.0273	0.0118	0.0182	0.0517	0.0099	0.0135	0.0557	0.0258	0.0308	0.0063	0	0.0203	0.0384	0	0.1446	0.1043	0.1135	0.0794	0.0488	0	0	0.0122	0	0	0	0	0	0	0.0072	0.0973	0	0
LOSQ.RCCA.C3.E11.R0.urine.urine_AACGCACGAG.GCCTCGGATA_HC3YYDSXY_L004_001	0.0254	0.0307	0.0405	0.2008	0.0167	0	0.0232	0.0346	0	0.0714	0.0194	0.0223	0.0235	0.0087	0.0086	0	0.0339	0.1835	0.0847	0.0673	0.0146	0	0	0	0	0	0.0034	0	0	0.0084	0	0.0783	0	0
LOSQ.RCCA.C3.E4.R0.hair.hair_AACGCACGAG.GCCTCGGATA_HC3YYDSXY_L002_001	0.0568	0.0241	0.0377	0.0014	0.017	0.0334	0.0216	0.0297	0.0733	0.0204	0	0.0041	0.0099	0.0063	0.0424	0	0.1797	0.0909	0.1159	0.0772	0.0446	0	0	0	0.0058	0	0	0	0	0	0.027	0.0807	0	0
LOSQ.RCCA.C4.E12.R0.urine.smartseq_AATCCAATTG.CATGTAGAGG_HC3YYDSXY_L004_001	0.0202	0.0221	0.0419	0.1836	0.0149	0	0.0503	0.0166	0.0178	0.049	0	0.0292	0.022	0.0063	0	0	0.0437	0.1281	0.1725	0.0271	0.0265	0	0	0	0	0	0	0	0	0.015	0	0.0786	0.0344	0
LOSQ.RCCA.C4.E12.R0.urine.urine_CTCTGCAGCG.GATGGATGTA_HC3YYDSXY_L004_001	0.0214	0.0126	0.0504	0.1546	0.0224	0	0.048	0.022	0.0208	0.0449	0.0042	0.0279	0.0083	0	0.0226	0	0.0426	0.145	0.162	0.0284	0.0164	0	0.0063	0	0	0	0	0	0	0.02	0.0051	0.0845	0.0296	0
LOSQ.RCCA.C4.E3.R0.buccal.buccal_AACGCACGAG.GCCTCGGATA_HC3YYDSXY_L001_001	0.0575	0.0471	0.0441	0.0438	0.0226	0.0401	0.0152	0.0503	0.0363	0.0572	0.0015	0.0083	0.0078	0	0.0398	0.023	0.084	0.1256	0.1444	0.044	0.0078	0	0	0	0	0	0	0	0.0016	0	0	0.0981	0	0
LOSQ.RCCA.C4.E5.R0.hair.hair_CCACCAGGCA.CTTATGGAAT_HC3YYDSXY_L002_001	0.0534	0.0275	0.0268	0.0176	0.0249	0.0254	0.0124	0.0323	0.0638	0.0297	0.0481	0.0246	4e-04	0.024	0.0295	0	0.123	0.0972	0.1164	0.0677	0.0396	0	0	0.0126	0	0	0	0	0	0	0.0136	0.0894	0	0
LOSQ.RCCA.C4.E5.R0.hair.smartseq_TAGAATTGGA.GTTAATCTGA_HC3YYDSXY_L002_001	0.0634	0.0201	0.0386	0.0149	0.026	0.0316	0.01	0.0256	0.0721	0.016	0.0363	0.0333	0.0011	0.02	0.0262	0	0.1422	0.0959	0.1183	0.0763	0.0387	0	0	0	0	0	0	0.0038	0	0	0.011	0.0741	0.0048	0
LOSQ.S0P1.C1.Ep2.R0.hair.hair_GAAGCGGCAC.CGGCTCTACT_HC3YYDSXY_L002_001	0.0526	0.0208	0.0345	5e-04	0.0198	0.0392	0.0129	0.0267	0.0724	0.0283	0.0093	0.0145	0.0038	0.0101	0.0376	0	0.151	0.1002	0.1217	0.0697	0.0383	0	0	0.0101	0.0041	0	0	0	0	0	0.0265	0.0954	0	0
LOSQ.S0P1.C1.Ep2.R0.hair.smartseq_GGTAGAATTA.GTAGCCATCA_HC3YYDSXY_L002_001	0.0514	0.0238	0.0292	0.0019	0.0248	0.0288	0.0157	0.0243	0.0888	0.0251	0.0151	0.0182	0.005	0.0085	0.0296	0	0.1524	0.097	0.1292	0.076	0.0432	0	0.001	0.0011	0.0028	0	0	0	0	5e-04	0.0204	0.0861	0	0
LOSQ.S0P1.C1.Ep4.R0.urine.urine_GAAGCGGCAC.CGGCTCTACT_HC3YYDSXY_L004_001	0.0322	0.057	0.0159	0.0375	0.0256	0.0133	0.0152	0.0575	0.062	0.0828	0	0.0185	0.0034	0.0302	0.0422	0	0.0798	0.0969	0.1579	0.0426	0	0	0	0	0	0	0	0	0	0.0106	0.0205	0.085	0.0133	0
LOSQ.S0P1.C2.E5.R0.hair.hair_TGGCGCGAAC.AACTGATACT_HC3YYDSXY_L002_001	0.0574	0.0276	0.0284	0	0.0166	0.0375	0.0158	0.0235	0.0731	0.0274	0	0.0073	0.0049	0.0138	0.0422	0	0.167	0.0906	0.1189	0.071	0.054	0	0	0.001	0.0032	0	0	0	0	0	0.0302	0.0876	0.001	0
LOSQ.S0P1.C3.E11.R0.urine.urine_GTGACACGCA.GCTTACGGAC_HC3YYDSXY_L004_001	0.021	0.0328	0.0471	0.1563	0.0197	0	0.017	0.0378	0.0173	0.0695	0	0.015	0.0181	0.0151	0.0317	0	0.0645	0.0758	0.2098	0.0333	0.019	0	0	2e-04	0	0	0.0062	0	0	0	0	0.0646	0.0282	0
LOSQ.S0P1.C3.E6.R1.hair.hair_GGTAACTCGC.AAGTTGGTGA_HC3YYDSXY_L002_001	0.0568	0.0285	0.0348	0	0.0191	0.0293	0.0184	0.0266	0.084	0.0285	0	0.0159	0.0096	0.0107	0.0326	0	0.1531	0.0953	0.1132	0.0706	0.0394	0	0	0.0031	0	0	0	0	0	0	0.0363	0.0875	0.0068	0
LOSQ.S0P1.C3.E6.R2.hair.hair_TGTCGCTGGT.TCGTCTGACT_HC3YYDSXY_L002_001	0.0559	0.0267	0.0329	0.0023	0.021	0.023	0.0158	0.0359	0.0749	0.0312	0	0.013	0.0114	0.0075	0.0344	0	0.1609	0.0975	0.1116	0.0782	0.0498	0	0	0.0055	0	0	0	0	0	0	0.0211	0.0895	0	0
LOSQ.S0P1.C4.E4.R0.hair.hair_CGTTATTCTA.CCATAAGGTT_HC3YYDSXY_L002_001	0.0564	0.0212	0.0354	0.0026	0.022	0.032	0.0159	0.031	0.068	0.0271	0.0029	0.0117	0.0055	0.0066	0.0343	0	0.1641	0.0982	0.1164	0.0726	0.0589	0	0	0.0022	0.0023	0	0	0	0	0	0.02	0.0926	0	0
LOSQ.WTEC.C1.Ep2.R1.hair.hair_AACATCGCGC.GTCCACTTGT_HC3YYDSXY_L002_001	0.0637	0.0232	0.0348	0.0027	0.018	0.0291	0.0179	0.0381	0.0691	0.0142	0	0.0118	0.0159	0.0019	0.043	0	0.1912	0.089	0.0968	0.0632	0.0425	0	0	0.0102	0.0032	0	0	0	0	0	0.0349	0.0856	0	0
LOSQ.WTEC.C1.Ep2.R2.hair.hair_TCTGGTATCC.CGTTGCTTAC_HC3YYDSXY_L002_001	0.0652	0.019	0.0393	0.0017	0.0198	0.0256	0.0194	0.0383	0.074	0.014	0	0.0128	0.0151	0.0034	0.0441	0	0.19	0.0899	0.0934	0.0665	0.037	0	0	0.0112	0.0022	0	0	0	0	0	0.0325	0.0858	0	0
LOSQ.WTEC.C1.Ep4.R0.urine.urine_AACATCGCGC.GTCCACTTGT_HC3YYDSXY_L004_001	0.0533	0.0494	0.0244	0.045	0.0182	0.0141	0.0289	0.0419	0.0198	0.0727	0	0.0058	0.0153	0.0092	0.0184	0.0026	0.0935	0.1191	0.1512	0.0331	0.0424	0	0	0	0.0153	0	0	0	0	0.0152	0.0126	0.0985	0	0
LOSQ.WTEC.C2.E11.R0.urine.urine_CTGAGGAATA.CTTAACCACT_HC3YYDSXY_L004_001	0.0223	0.0402	0.0406	0.0453	0.0185	0	0.019	0.0478	0.0256	0.1125	0	0.0271	0.0115	0.0368	0.0149	0	0.1204	0.1104	0.1267	0.043	0.0358	0	0	0	0.0039	0	0	0	0	0.0119	0	0.0858	0	0
LOSQ.WTEC.C2.E4.R0.hair.hair_TTCATAAGGT.TGTTAGAAGG_HC3YYDSXY_L002_001	0.0638	0.0197	0.0329	0	0.017	0.0232	0.0337	0.0305	0.0635	0.0077	0	0.0114	0.0192	0	0.0367	0	0.2085	0.0867	0.0929	0.0757	0.0416	0	0	0	0.001	0	0	0	0	0	0.0482	0.086	0	0
LOSQ.WTEC.C3.E10.R0.urine.urine_TAAGCATCCA.TCAATCCATT_HC3YYDSXY_L004_001	0.0328	0.0181	0.0627	0.0558	0.0406	0.0076	0.0336	0.0422	0.06	0.0668	0	0.0089	0.0152	0.0127	0.0294	0	0.0965	0.1049	0.1688	0.0425	0.0385	0	0	0	0	0	0	0	0	2e-04	0	0.0595	0.0029	0
LOSQ.WTEC.C3.E3.R0.buccal.buccal_CTGAGGAATA.CTTAACCACT_HC3YYDSXY_L001_001	0.0485	0.0212	0.0534	0.055	0.0247	0.0539	0.0041	0.0322	0.031	0.0351	0.0778	0.0122	0.016	0	0.0238	0.0091	0.0731	0.1315	0.1518	0.0488	6e-04	0	0	0	0.0107	0	0	0	0	0	0	0.0853	0	0
LOSQ.WTEC.C3.E5.R0.hair.hair_GCCGCACTCT.TCCGACCTCG_HC3YYDSXY_L002_001	0.0659	0.022	0.0366	0.0022	0.0184	0.0296	0.0118	0.0383	0.084	0.0171	0	0.0143	0.0188	0.0041	0.0394	0	0.1774	0.0874	0.0991	0.0716	0.0446	0	0	0.004	0	0	0	0	0	0	0.0287	0.0848	0	0
LOSQ.WTEC.C4.E12.R1.urine.urine_TTCATAAGGT.TGTTAGAAGG_HC3YYDSXY_L004_001	0.0289	0.0498	0.0269	0.0237	0.0262	0	0.0278	0.0461	0.051	0.1205	0	0.0243	0.0198	0.0062	0.0097	0	0.103	0.1155	0.1485	0.0406	0.0115	0	0	0	0.0087	0	0	0	0	0.0256	7e-04	0.0849	0	0
LOSQ.WTEC.C4.E12.R2.urine.urine_ACTTCAAGCG.GAACCATGAA_HC3YYDSXY_L004_001	0.0372	0.0345	0.0456	0.0386	0.0215	0	0.0197	0.0408	0.0295	0.1177	0	0.0262	0.0336	0.0354	0.0218	0	0.0908	0.1266	0.1126	0.0448	0.0135	0	0	0	0.0058	0	0	0	0	0	0.0256	0.0783	0	0
LOSQ.WTEC.C4.E6.R0.hair.hair_CTGAGGAATA.CTTAACCACT_HC3YYDSXY_L002_001	0.067	0.0257	0.0274	0.0021	0.0127	0.035	0.0214	0.0408	0.0637	0.0079	0	0.0128	0.0139	0.0028	0.0437	0	0.1905	0.0902	0.097	0.0747	0.0332	0	0	0.0045	7e-04	0	0	0	0	0.004	0.0357	0.0884	0.0042	0
